date,SMALL LoBM,ME1 BM2,SMALL HiBM,BIG LoBM,ME2 BM2,BIG HiBM
192607,1.0874,0.9081,-0.0695,5.7168,1.8971,2.0066
192608,0.703,1.5075,5.3842,2.7154,2.7196,5.6796
192609,-2.9117,-0.1359,-0.4374,1.4287,0.0808,-0.7928
192610,-3.8196,-4.3572,-2.0112,-3.5898,-2.3377,-3.9998
192611,3.1806,3.6608,2.0944,3.1292,2.9242,3.1934
192612,2.6862,1.8411,3.2639,2.9678,2.6214,2.299
192701,-0.7991,-0.3782,3.9316,-0.2621,0.0321,4.0885
192702,3.7129,6.3784,6.6192,5.0044,3.585,7.988
192703,-1.8324,-0.9889,-3.1676,1.3025,0.2527,-2.5908
192704,-1.671,0.8741,3.4796,3.051,-0.7745,-0.4809
192705,5.4766,3.3467,13.3256,5.4076,5.1414,7.0144
192706,-1.5481,1.304,-3.9474,-0.9628,-2.9766,-2.0151
192707,4.2702,5.2347,3.9846,9.2637,6.7228,7.2603
192708,2.4503,-2.2044,0.86,3.9309,1.2184,-1.9651
192709,2.2496,2.2316,0.399,5.3697,4.4213,5.9674
192710,-0.2072,-2.1458,-5.8357,-3.5889,-4.3444,-6.6219
192711,10.3238,8.062,10.2275,7.0845,6.7295,6.6346
192712,5.701,2.6016,2.4506,2.4925,1.862,3.4755
192801,3.2211,2.7804,3.5948,-0.4427,-0.416,-2.3168
192802,-4.8858,-1.7203,-4.1271,-0.6772,-1.1358,-2.7296
192803,7.3978,8.6229,9.457,12.3241,6.1,7.8254
192804,4.665,10.6845,9.9723,2.9336,5.9573,4.4979
192805,7.1742,1.954,2.574,2.575,-0.0551,0.6388
192806,-8.5829,-8.3044,-6.8294,-3.604,-4.1281,-5.4164
192807,-0.4048,-0.3636,-0.8867,1.359,0.1188,0.8312
192808,6.124,4.9813,3.699,8.7368,5.3973,6.8565
192809,5.7317,4.4758,6.1762,2.9576,1.9499,4.2317
192810,6.8299,3.1376,1.6621,1.359,1.4018,2.1979
192811,8.6705,11.1328,12.2831,11.1602,13.3096,12.9505
192812,0.9055,-0.6882,-0.6462,0.9332,0.0161,1.1879
192901,-0.034,1.85,1.448,6.5262,4.8424,2.5673
192902,0.7414,1.1026,0.382,-0.5791,0.8461,3.0915
192903,-5.9533,-3.4099,-4.0571,-1.3835,2.222,-0.1243
192904,-0.0822,2.8082,0.5004,2.2172,1.1121,2.808
192905,-10.2009,-9.4284,-12.5598,-5.7297,-4.151,-6.2127
192906,6.9673,9.3803,6.4064,12.4593,9.3568,7.4384
192907,-0.0602,-0.6367,3.8633,3.5656,6.184,5.0527
192908,-0.7741,-0.5429,-0.4544,7.272,12.5074,7.2052
192909,-4.2711,-4.2824,-3.6218,-4.4211,-4.9529,-6.3661
192910,-21.5559,-19.2947,-19.8329,-24.1865,-14.1137,-10.3484
192911,-16.1934,-9.7481,-12.3366,-14.2535,-10.8726,-8.0015
192912,-2.7485,-3.5662,-1.8488,3.3988,0.5251,1.4208
193001,6.0455,9.5581,8.4631,7.1735,3.4044,2.8433
193002,1.7451,1.0483,4.3779,3.4639,1.9031,1.2229
193003,8.6368,11.3525,10.7647,6.816,8.3584,5.3421
193004,-7.0717,-1.2287,-3.4814,-2.361,-1.7133,-6.6589
193005,-3.6161,-2.42,-2.9578,0.7061,-2.264,-1.4054
193006,-17.4935,-16.4711,-18.9287,-17.849,-13.1445,-11.7533
193007,6.5208,3.728,2.4342,4.7058,3.5492,5.283
193008,-3.7646,-1.6135,-2.2723,1.0169,-0.66,-1.6956
193009,-13.6823,-14.6721,-18.7882,-12.3871,-10.9161,-17.1944
193010,-10.1007,-7.6801,-10.6915,-9.3455,-7.2651,-11.5093
193011,0.2231,-2.7838,-2.7361,-2.1847,-3.2674,-6.5408
193012,-10.4113,-11.0266,-17.205,-6.0724,-9.001,-9.7812
193101,9.8982,11.3602,14.9795,4.5109,7.7112,13.6747
193102,13.1802,11.6577,17.4089,12.511,6.8404,12.1228
193103,-4.3393,-2.9204,-7.1311,-4.7492,-9.7586,-8.8363
193104,-12.8802,-14.0212,-17.9722,-8.9215,-11.1441,-11.4677
193105,-9.6516,-8.7006,-13.8027,-11.3507,-16.5104,-20.347
193106,10.1107,7.7295,20.5193,13.0405,16.0603,25.2073
193107,-8.5867,-8.9411,-5.7543,-5.1707,-10.1715,-12.2143
193108,-1.6114,-1.1797,-3.7141,0.9,-1.6015,0.0531
193109,-26.5722,-30.0521,-33.8737,-28.8663,-28.1507,-35.1131
193110,4.2319,9.2071,5.4616,9.5453,3.2371,11.7214
193111,-7.7335,-7.2915,-9.3774,-6.1307,-16.6377,-14.5665
193112,-13.7987,-16.5088,-22.3956,-11.573,-18.8098,-20.6686
193201,2.4924,3.9264,10.4927,-3.4315,1.9073,6.6353
193202,-2.4754,1.9822,1.3694,7.1096,1.7467,0.3507
193203,-10.5259,-12.1366,-10.62,-10.2077,-15.1285,-14.746
193204,-19.3072,-17.1449,-16.0307,-18.1229,-20.1679,-18.5418
193205,-17.1387,-24.84,-16.8918,-19.2221,-25.9463,-25.436
193206,0.954,6.2481,0.9934,-1.7165,0.0814,8.8476
193207,31.5257,36.1125,63.1945,28.1983,48.655,67.7486
193208,46.2878,55.3725,83.4957,31.3379,50.9716,62.6122
193209,-1.6614,-4.5841,-12.4928,-1.0435,-6.5249,-4.9399
193210,-15.8052,-19.645,-23.8446,-10.7558,-17.4936,-23.3789
193211,-0.4275,-8.2786,-13.1841,-2.7209,-8.9758,-16.194
193212,-6.9549,-4.2529,-11.112,6.8555,1.1781,-4.4353
193301,5.009,1.3914,8.045,-0.0131,2.9071,9.6714
193302,-17.3761,-18.4137,-20.862,-14.9526,-16.5842,-17.3652
193303,6.8621,6.1577,16.0253,0.96,9.8378,6.8707
193304,40.7625,54.8024,56.5968,33.766,51.9421,57.2289
193305,59.573,62.1965,73.3276,16.9982,26.8017,41.6305
193306,32.7005,23.3035,18.324,11.3873,15.4727,22.2102
193307,-14.1385,-12.9092,-7.2303,-8.8583,-13.0471,-9.2208
193308,10.5585,10.2007,8.2846,10.5958,15.7644,18.8615
193309,-7.6121,-13.5955,-20.857,-9.1454,-12.3456,-19.3866
193310,-8.4949,-12.5408,-14.0569,-6.1614,-10.5774,-17.7448
193311,4.4492,4.6892,6.0824,9.69,12.2601,12.6924
193312,4.7702,4.0074,0.41,2.1093,1.8435,3.3536
193401,21.5203,28.9416,38.4208,9.8669,16.8167,24.1368
193402,-0.2935,1.1685,5.14,-2.3815,-3.1075,-3.81
193403,4.7722,2.0058,-0.0115,-0.0029,-0.1305,-0.62
193404,2.8356,-1.559,-1.7852,-1.778,-2.293,-4.616
193405,-7.3381,-10.0309,-12.0106,-6.4033,-8.5814,-13.5106
193406,3.7672,-0.0904,-2.3777,2.628,2.4902,2.8615
193407,-18.0226,-21.4847,-24.5454,-8.311,-11.7051,-23.179
193408,10.9235,10.0385,11.413,6.0718,4.4235,5.7691
193409,-0.9255,-0.6567,-3.4898,-0.2597,-0.1502,-0.105
193410,-0.925,-1.7238,-4.1267,-0.4115,-2.7071,-7.369
193411,17.4218,15.2421,12.699,10.2402,5.016,10.6573
193412,4.9409,1.6541,1.6419,0.7507,0.5327,-2.2372
193501,-5.5523,-3.3758,-3.0507,-3.0099,-2.8805,-9.3128
193502,-3.5225,-4.6296,-6.2649,-0.8581,-1.6813,-12.9875
193503,-5.9234,-7.5213,-11.3866,-2.9715,-3.3285,-7.7499
193504,6.7174,9.2068,10.6336,8.0311,9.8882,13.0598
193505,-2.6657,2.2586,1.8238,3.137,4.3394,3.957
193506,5.8129,5.8393,0.7292,6.3821,5.6132,8.0813
193507,9.6466,12.7584,13.5159,6.9882,6.3196,16.9724
193508,3.627,8.9078,14.5997,2.5694,2.2001,3.7559
193509,5.0664,5.5521,0.4572,4.6757,0.6768,1.1354
193510,11.0819,10.7386,6.9363,6.6016,7.9769,6.013
193511,6.8537,10.3811,19.5176,3.0389,5.6087,14.4929
193512,5.8168,10.2031,1.9862,2.9835,5.8064,8.7119
193601,10.6869,7.7125,22.3858,3.2881,9.5299,12.2659
193602,2.3177,6.4961,6.0122,1.9137,2.806,7.246
193603,0.2531,2.4157,1.0469,2.6378,0.0632,-1.0405
193604,-14.3456,-14.049,-15.5467,-7.1563,-8.3505,-10.2541
193605,5.0647,5.5552,8.8137,5.0578,5.1107,6.5348
193606,-2.1381,-0.2916,-1.158,3.6325,2.1402,0.2455
193607,10.6162,7.6109,9.1117,5.9223,6.1944,12.2302
193608,0.6495,2.3128,4.2542,0.2957,0.7751,4.3352
193609,2.2001,5.0224,4.4729,0.9204,1.1017,0.4389
193610,3.7228,6.4549,6.4085,6.4131,8.8046,8.6681
193611,10.86,9.167,12.3194,3.384,3.1595,-0.494
193612,2.0887,3.4888,7.8447,-1.8229,2.3315,1.0214
193701,7.2377,7.3811,9.7396,3.6113,1.3942,6.3255
193702,3.2555,1.7107,5.7398,-0.2074,0.7979,6.9733
193703,-3.0335,-0.0671,2.1573,-1.7368,-0.2135,6.0777
193704,-10.1096,-11.6098,-13.4753,-6.8185,-6.1171,-10.7653
193705,-0.3784,-0.9887,-4.1217,0.2448,-0.7188,-2.9785
193706,-7.2258,-7.7359,-10.6078,-4.1508,-2.7127,-7.4383
193707,10.9496,9.0498,10.7965,9.2027,7.9624,10.9736
193708,-4.6506,-5.0111,-5.5952,-4.21,-4.5881,-7.7724
193709,-20.8407,-21.0548,-23.0629,-12.3496,-12.4016,-19.2657
193710,-10.805,-10.4704,-9.6555,-10.1749,-7.5734,-14.4157
193711,-11.5365,-12.04,-11.8188,-8.7393,-7.704,-8.1625
193712,-14.1024,-10.5559,-12.2871,-4.1175,-2.8797,-6.7316
193801,4.9994,6.1383,3.739,1.3091,-0.3181,-0.6467
193802,8.4176,5.7523,4.7774,6.3853,5.3777,5.995
193803,-29.9354,-29.1645,-30.2127,-23.5181,-22.4566,-30.3243
193804,22.08,20.8818,20.4977,13.8077,14.4352,15.8488
193805,-7.4731,-7.793,-5.5133,-3.5564,-3.6491,-6.0495
193806,31.2731,30.6697,27.6117,25.7265,20.9133,30.0253
193807,13.4073,14.4896,15.3633,6.7739,7.3427,9.2224
193808,-4.6028,-5.1113,-9.2856,-0.4265,-6.0432,-5.1808
193809,-1.8733,-2.5023,-2.7862,1.3521,0.6332,-0.971
193810,14.0911,14.7573,16.9041,6.9335,7.1944,14.1797
193811,-5.2001,-2.6663,-5.9225,-1.1511,-2.0619,-2.8592
193812,6.0128,3.7143,1.5522,3.3432,4.5407,8.8637
193901,-8.0482,-8.9052,-10.1457,-5.225,-6.2167,-11.0166
193902,3.9084,5.0675,6.2899,3.3739,3.0949,6.8947
193903,-17.785,-18.4864,-22.8516,-9.8064,-13.7028,-21.3665
193904,-0.4839,0.1285,1.9743,-0.1313,-0.0587,-3.1968
193905,11.2711,9.0561,9.8655,6.8876,5.6375,9.2768
193906,-6.8211,-7.9144,-10.6753,-4.3922,-6.6068,-11.3783
193907,16.1292,16.6942,13.6444,11.3137,8.4488,13.7364
193908,-12.3681,-11.99,-12.61,-6.309,-5.9193,-10.9033
193909,37.6978,39.312,54.9528,13.5797,16.9053,40.771
193910,0.4561,-0.5808,-5.0048,0.028,-0.8229,-4.2992
193911,-7.8325,-9.4,-13.814,-2.6176,-3.6667,-9.5542
193912,5.9303,3.0222,0.3533,3.5574,2.3632,1.0169
194001,-4.1988,-2.1299,-2.8359,-2.1568,-2.4994,-5.1435
194002,4.0588,4.3854,3.1638,1.2492,1.345,1.489
194003,4.6939,2.8558,2.2805,2.3725,1.4575,2.2556
194004,4.7401,3.1919,4.0917,-0.1263,0.1167,0.2697
194005,-27.7724,-27.4455,-32.4317,-22.0718,-20.8034,-24.7879
194006,4.4242,5.0123,7.9843,4.9455,8.2385,10.6339
194007,4.717,4.7132,3.3227,3.3873,3.0418,3.299
194008,2.0524,3.1807,1.8886,2.1928,1.7831,3.4847
194009,5.3698,4.5102,5.2039,3.1522,1.21,1.0582
194010,4.2145,5.6688,6.2944,0.8953,6.3562,8.0971
194011,1.1473,0.5449,0.1738,-1.9212,-1.3367,-0.7062
194012,-0.8918,-1.4748,-2.2785,0.5934,1.017,0.1971
194101,-4.4429,-2.6469,-0.3066,-5.0365,-3.8489,-1.5198
194102,-3.4695,-1.7922,-2.8879,-1.5847,-1.4892,-0.389
194103,0.5236,1.1221,3.7745,0.5444,1.212,3.378
194104,-7.5563,-5.3913,-5.2001,-6.497,-4.5637,-2.035
194105,1.7628,0.6819,1.5458,0.9481,2.6345,2.3634
194106,4.1184,6.1735,8.46,6.1753,5.6174,3.0109
194107,10.4387,10.1704,18.5406,3.7262,8.1838,10.1236
194108,-1.1591,-2.1325,-0.3954,0.6862,-0.8566,-2.2697
194109,-3.0405,-1.8364,-1.9489,-0.0105,-2.1937,-1.6652
194110,-5.8203,-6.272,-6.0101,-6.0976,-3.2927,-2.6528
194111,-1.0629,-4.1817,-2.921,-2.2704,-0.5645,-1.6913
194112,-5.4399,-8.4849,-12.6548,-4.6824,-3.5964,-9.3443
194201,6.7111,10.7419,14.4866,-1.7916,0.505,10.6422
194202,0.5247,-1.1191,-1.7045,-2.3068,-2.7966,-2.3449
194203,-4.7636,-3.6838,-5.7196,-5.83,-7.5457,-6.1045
194204,-6.1855,-3.8062,-3.7407,-4.5876,-4.4955,-2.8527
194205,0.1524,2.0643,1.65,7.4477,4.9379,0.6445
194206,1.0092,1.401,2.3613,3.0527,2.6059,2.7837
194207,5.168,3.7957,5.1245,2.6864,4.3165,7.5371
194208,2.2429,2.5502,2.5306,1.7161,1.7426,4.1208
194209,2.1868,2.8304,5.9093,2.6162,2.8276,3.6029
194210,8.291,7.8673,14.3301,5.3109,7.8807,12.0528
194211,-1.0955,-2.4173,-4.0203,1.0982,0.249,-4.3893
194212,2.6024,3.9731,2.6673,4.8847,5.9218,5.9799
194301,11.6914,14.0479,23.7079,5.3474,8.0111,9.6978
194302,10.8494,9.1703,17.2581,4.8117,7.0071,11.1942
194303,10.9334,11.4117,14.9645,4.1328,7.1433,11.0704
194304,-0.9484,2.6598,8.082,-0.104,1.2471,2.5081
194305,8.8391,8.8556,13.2307,5.0198,5.7222,7.127
194306,-0.2795,0.8519,0.4921,2.1659,1.9667,-0.0012
194307,-5.1017,-6.7858,-9.0831,-4.7635,-3.6753,-5.3674
194308,0.3567,0.0733,0.7947,1.5042,1.3059,0.2076
194309,2.9396,3.0298,5.4108,2.1982,2.7439,2.5796
194310,-0.6832,-0.3355,0.7552,-1.4439,-0.9577,0.3902
194311,-7.0715,-7.9578,-10.5743,-4.76,-6.5824,-9.3027
194312,7.2024,10.6109,12.0698,5.6723,6.9227,7.2768
194401,5.0015,4.6781,5.2702,0.8163,1.6236,4.8589
194402,1.3581,0.9548,0.6429,0.0507,0.7749,2.4419
194403,2.0085,3.7072,7.6668,2.2053,2.5672,3.4078
194404,-1.9868,-2.8671,-4.0867,-1.3977,-1.8706,-1.5758
194405,5.8092,7.2671,7.0391,4.6074,5.0167,5.46
194406,9.3865,9.7095,10.4388,4.9317,5.1712,7.3889
194407,0.2144,-1.0134,-1.4495,-1.6579,-1.4787,-0.8375
194408,4.5761,4.359,1.8145,1.3605,1.2556,1.146
194409,1.5805,-0.1096,-0.1685,0.3319,-0.2562,-0.2435
194410,0.1784,0.5341,-0.4625,-0.0654,0.8407,-0.0829
194411,0.9635,2.9656,3.7163,1.1612,2.2483,3.1649
194412,6.0143,6.8302,10.6257,2.4976,4.5123,9.6992
194501,5.4526,5.0036,4.1302,0.7604,3.039,3.4172
194502,6.6597,8.7538,10.502,5.1483,6.1444,9.9868
194503,-4.406,-6.3125,-6.364,-3.1965,-4.3701,-4.7147
194504,7.6035,9.0314,9.9806,6.7601,8.0276,10.8652
194505,2.8106,2.1034,4.1159,2.0098,1.0423,1.4259
194506,3.0464,2.5731,6.7503,-1.2111,0.7163,3.4995
194507,-3.0594,-3.5611,-5.4735,-1.4266,-1.8413,-4.2511
194508,7.761,7.823,4.813,8.5886,4.3161,3.0064
194509,6.563,6.7762,6.3306,4.5548,4.3932,5.634
194510,6.1752,6.6457,7.1985,2.3629,4.9134,5.6065
194511,9.342,9.7473,11.428,2.8819,5.9904,8.7155
194512,4.0814,3.1082,1.6692,1.7707,1.1538,-0.3677
194601,9.6521,8.9142,12.2513,6.0984,4.5288,8.4635
194602,-6.2301,-6.8443,-7.3297,-5.8802,-4.6835,-7.7026
194603,6.5063,5.9328,5.6932,5.1627,7.2051,4.8957
194604,4.3708,7.9091,6.3104,3.7606,5.3312,2.4607
194605,6.7327,5.0325,5.839,3.1851,3.3884,6.645
194606,-4.6884,-5.1196,-5.9474,-4.4139,-2.6636,-3.9433
194607,-4.823,-3.8418,-5.0232,-2.7259,-2.3774,-2.3882
194608,-8.496,-8.2229,-7.5082,-6.3142,-6.2065,-6.1978
194609,-13.9706,-13.4864,-15.7756,-9.7783,-8.4493,-11.8073
194610,-3.1786,-1.0714,0.7589,-2.5023,-1.7605,0.48
194611,-1.5735,-0.6742,1.3003,-0.2321,0.7647,-0.1738
194612,5.7084,4.6134,4.3376,5.2767,5.217,3.9343
194701,4.5305,2.4272,3.2753,2.1741,-0.4905,1.9613
194702,-1.2703,-0.6043,0.873,0.071,-1.3311,-1.7817
194703,-3.3564,-3.4273,-2.3985,-1.793,-1.0154,-1.5219
194704,-9.3357,-7.9219,-8.095,-5.1304,-3.6729,-4.6654
194705,-5.22,-3.9661,-3.6097,-1.1203,0.179,-2.0662
194706,4.3188,5.3287,5.0277,6.4523,4.5569,4.5555
194707,5.2344,6.3337,7.0484,3.5118,3.4853,7.3342
194708,-1.8585,-1.5408,-1.1507,-1.8587,-1.456,-2.1997
194709,0.4098,0.3595,2.6373,-0.6744,-0.6558,-0.1814
194710,3.5397,3.3029,2.9041,2.2304,2.9955,3.0043
194711,-4.4555,-3.4527,-2.5478,-2.0816,-1.4791,-1.7796
194712,0.1759,1.3771,3.0769,2.0173,3.4628,6.5408
194801,-1.7489,-2.4805,-0.1724,-4.539,-4.0364,-3.336
194802,-5.9905,-6.3838,-5.811,-4.6491,-3.6881,-4.6973
194803,6.4133,8.3056,12.234,7.8154,7.7196,11.0026
194804,1.2935,2.8029,4.686,2.2742,4.3656,7.0963
194805,9.3433,8.7069,7.4827,8.505,6.4626,7.8323
194806,-2.8594,-1.6291,0.4448,-0.6228,0.3282,1.7011
194807,-5.0394,-5.1847,-5.4277,-5.0109,-5.31,-4.3526
194808,-1.2187,-0.5006,-0.3647,0.877,-0.2112,0.5907
194809,-2.9725,-4.2029,-5.4006,-2.7272,-2.4449,-3.726
194810,4.065,4.5972,5.3752,6.4318,5.848,6.2724
194811,-9.6917,-9.6576,-12.909,-8.3439,-8.7315,-13.3862
194812,1.377,0.0153,0.1269,4.9312,2.7612,2.2947
194901,1.2533,1.9093,2.9558,0.5644,-1.0823,1.3304
194902,-5.4013,-3.964,-5.5692,-2.4792,-2.7256,-4.0374
194903,6.3941,5.6206,8.151,4.2292,3.4034,5.0451
194904,-1.6677,-2.9624,-3.3838,-2.076,-0.6601,-2.6169
194905,-3.8322,-3.6915,-5.1082,-1.8599,-3.0887,-5.3144
194906,-1.3849,-1.3227,-1.1187,1.1072,0.2508,-2.4522
194907,6.4991,7.2103,5.7226,5.2446,5.7661,6.761
194908,3.2778,3.5448,2.0828,2.7176,2.7783,2.8063
194909,5.4115,4.1798,4.0587,2.6496,3.6203,4.3781
194910,5.086,3.4831,4.1293,3.2656,3.0499,3.2714
194911,0.4606,1.0058,0.0258,2.9316,0.178,1.4372
194912,6.939,6.5348,8.811,5.3244,3.7878,6.9841
195001,7.2216,4.6563,4.6281,0.8634,1.9489,3.6993
195002,1.6427,1.9791,0.576,1.5742,1.4739,1.0643
195003,2.4311,-1.1095,-2.0218,1.921,0.9421,0.7578
195004,5.809,5.359,7.3816,4.3505,3.0037,5.3842
195005,1.6118,2.7917,3.0579,4.6314,5.0374,4.1046
195006,-7.052,-7.861,-8.9044,-5.457,-6.334,-5.0086
195007,0.9915,3.3977,11.6038,-3.4767,4.368,13.0375
195008,4.5476,5.5421,5.0419,6.0952,4.1434,2.6001
195009,5.7172,4.8995,4.9267,5.7728,3.8597,4.4333
195010,-0.3128,-0.2319,0.3019,-0.1764,-0.4761,1.8064
195011,0.2887,2.1217,5.0141,2.4046,3.3461,4.3401
195012,5.1974,7.3812,12.476,3.3433,6.5211,10.792
195101,6.7818,7.0131,10.6312,5.162,5.3804,8.5984
195102,1.8111,1.3185,-0.2098,2.2422,1.8692,-1.4461
195103,-1.5113,-3.2701,-5.6968,-0.7124,-2.7352,-4.7251
195104,2.193,3.799,6.4513,4.4209,5.6776,6.7054
195105,-1.7383,-2.5854,-3.3139,-2.3408,-1.7963,-3.5148
195106,-3.9528,-4.7707,-7.1987,-2.1913,-1.0859,-6.4549
195107,5.3862,5.0818,6.7646,6.7108,7.0273,9.4515
195108,5.9784,5.3969,5.0422,4.2212,4.3186,4.8958
195109,2.3972,2.8739,2.7886,0.5856,0.4118,1.462
195110,-2.0489,-1.6187,-3.3423,-3.7969,-0.506,-2.0471
195111,0.3986,0.4555,0.3477,0.7789,0.6859,0.708
195112,1.1428,0.9709,0.5911,4.2486,3.6198,1.6217
195201,1.6799,1.7973,1.4297,0.4224,2.5282,3.7717
195202,-2.0438,-1.9713,-1.9656,-2.176,-2.7844,-3.476
195203,1.2554,2.2724,3.3327,4.371,4.8323,6.627
195204,-4.7813,-4.833,-4.1123,-4.652,-4.9262,-5.5171
195205,2.2833,2.0772,2.7053,3.7903,2.8315,3.4577
195206,1.6669,2.8792,3.3299,3.9018,4.167,4.7258
195207,0.9702,1.5705,-0.1746,1.2211,0.6928,1.6605
195208,0.0304,0.9596,0.2266,-0.7879,-0.473,-0.9709
195209,0.1735,-0.8012,-2.1912,-1.6986,-2.0741,-2.3742
195210,-0.7374,-1.5835,-1.9705,-0.7482,0.0374,-0.4279
195211,5.5155,5.5213,6.0762,6.2609,5.3574,7.642
195212,1.9113,1.8031,1.7299,3.1486,3.017,3.7045
195301,3.7943,3.5242,3.9666,-0.9102,-0.1896,1.5482
195302,1.3219,2.2121,1.7434,-0.2122,-0.1523,-0.8049
195303,-1.7287,-1.6985,-2.0624,-1.2085,-1.0647,-2.5659
195304,-3.0868,-2.3131,-1.0693,-2.9693,-2.5539,-1.8519
195305,0.7109,0.8933,0.7102,0.8917,0.2878,1.3513
195306,-3.1979,-3.3052,-3.9949,-1.7001,-1.3464,-1.8494
195307,0.8551,1.6127,1.5137,2.9809,2.113,1.8848
195308,-3.2764,-5.3639,-6.3306,-3.9714,-3.9016,-7.9756
195309,0.0385,-0.8175,-2.2912,0.8979,0.1987,-1.6532
195310,3.142,3.781,3.0779,5.083,4.3217,4.6557
195311,1.5292,2.1501,1.2857,3.352,2.2219,3.2942
195312,0.2591,-1.2682,-2.7596,0.528,0.3752,-2.1293
195401,4.7348,6.6199,8.1997,4.4643,5.7793,7.8701
195402,1.0862,1.4999,1.408,1.6515,2.1606,0.754
195403,2.6329,3.1207,2.1357,4.244,3.5158,1.746
195404,-0.2482,2.2954,0.3977,5.3108,3.4512,3.9896
195405,3.9802,4.243,5.1167,2.8614,2.6151,6.6242
195406,0.5735,1.8005,1.3752,1.8428,-0.2864,1.0571
195407,5.5421,6.9774,9.1082,4.295,5.1437,8.9941
195408,-0.1185,0.1787,-0.887,-2.9947,-0.9225,-4.9917
195409,2.8897,4.7725,4.6674,6.8828,6.5579,6.4643
195410,0.5601,-0.947,-0.7137,-2.2614,-1.0345,0.3434
195411,7.0826,8.9123,9.6613,9.5778,8.1469,15.7986
195412,7.5331,9.3449,11.3905,4.2803,5.8935,11.744
195501,1.5894,1.4987,2.3861,0.0723,0.7623,3.5499
195502,3.8044,5.5378,4.6345,3.0684,2.7444,3.4022
195503,-0.778,-0.4342,0.6753,-0.2787,-0.2654,2.2127
195504,1.6264,1.3503,2.6442,4.0887,1.9671,4.4324
195505,0.5818,0.387,0.4058,1.9461,0.0676,0.1997
195506,2.1083,3.2821,3.5315,6.5865,7.438,8.8422
195507,-1.6321,1.03,1.306,2.6436,1.1739,0.396
195508,-0.0701,0.5866,0.2659,0.3402,0.3236,1.4474
195509,-0.7222,-0.2867,-0.3441,0.0578,-0.1663,-2.299
195510,-1.4384,-0.8787,-1.2686,-2.8186,-1.9161,-3.2838
195511,5.9972,4.7786,5.2657,8.3322,4.6414,9.7196
195512,3.4725,2.3927,2.5601,1.9789,1.6778,-1.7027
195601,-2.3277,-2.1478,-1.7034,-3.6267,-1.3196,-2.3554
195602,1.9377,3.7737,2.3804,4.7654,2.8188,3.46
195603,3.4322,3.8762,5.1882,7.8836,5.6848,5.1985
195604,1.2824,0.7915,0.0938,0.107,1.2186,0.8141
195605,-3.398,-4.133,-4.5065,-5.1203,-4.6334,-6.625
195606,1.0128,2.5359,1.3162,4.3047,3.2469,1.7512
195607,3.3517,3.4431,3.4705,5.0829,5.2921,4.8851
195608,-0.2685,-0.9125,-2.1439,-3.5272,-2.3423,-3.129
195609,-3.3845,-3.031,-2.1313,-5.9383,-3.6359,-3.6745
195610,1.1872,0.9084,0.4057,0.6819,0.7704,1.3341
195611,-0.3115,0.1782,2.2516,-0.3983,2.5647,0.591
195612,4.3647,2.0973,2.2078,3.8264,3.1941,1.6819
195701,-0.7927,0.1194,2.0202,-4.4516,-2.6835,-1.6359
195702,-2.8013,-3.2428,-2.7095,-1.5275,-2.0136,-3.0645
195703,2.2189,2.5866,2.2445,2.7044,1.8531,1.7164
195704,2.2226,2.3022,2.332,5.6088,3.4013,2.6036
195705,3.0121,1.2922,1.7131,4.7371,2.5855,1.8302
195706,0.0903,-1.2195,0.7272,-0.1233,-1.179,-0.7328
195707,-0.6273,0.8022,0.4256,1.2811,0.5332,1.0783
195708,-4.9836,-4.3781,-5.1912,-5.4514,-3.1885,-6.0634
195709,-7.1005,-4.8467,-5.0458,-6.3295,-4.3608,-6.5429
195710,-8.1775,-5.5761,-8.2617,-3.771,-3.3989,-7.2925
195711,3.2423,1.4767,1.0946,3.0955,2.0244,-0.5021
195712,-4.601,-4.6138,-5.8678,-3.9214,-2.3379,-5.8875
195801,12.2097,10.4827,11.9178,3.3984,5.9799,12.0687
195802,-1.6496,-0.5624,-0.5017,-1.8071,-0.5644,-2.2917
195803,5.0565,3.7888,3.1135,3.4064,3.1873,3.4058
195804,2.948,1.8574,4.3224,3.332,2.4815,5.1872
195805,6.4635,4.1389,4.2645,2.0583,2.6063,3.7347
195806,2.1201,3.2153,2.991,3.1465,2.6654,3.0753
195807,4.2272,5.996,7.1336,4.3856,3.951,7.609
195808,4.3354,3.0378,3.2318,1.7085,1.8355,3.5333
195809,5.5017,4.3376,7.7889,4.7619,4.3231,8.1716
195810,6.9335,2.748,3.0463,2.607,2.722,4.1345
195811,7.6723,4.1441,4.0856,3.3185,2.1258,4.5387
195812,2.7461,3.1728,3.8361,4.975,6.9365,3.9448
195901,4.4917,5.1422,5.6035,-0.6209,2.7242,4.0781
195902,2.3973,3.5205,2.9076,0.4613,1.7257,2.2671
195903,1.606,1.6753,1.7328,0.7407,-0.1234,-0.0759
195904,3.777,3.4802,2.1226,4.7089,2.5866,3.8935
195905,-1.407,0.502,1.3377,2.7434,0.5848,3.5877
195906,1.7232,0.5786,1.8299,-0.3827,0.3588,2.1358
195907,2.1952,2.8033,3.5632,3.9908,2.3925,3.0828
195908,-1.8317,-1.2879,-1.913,-1.3549,-1.0047,-0.3839
195909,-5.3951,-4.4946,-3.995,-5.0254,-3.2634,-5.3237
195910,3.9778,2.5816,1.1012,1.4464,1.7512,0.1319
195911,3.8377,2.0089,0.5945,3.0126,-0.102,-0.1725
195912,3.426,2.3715,2.1134,2.9781,2.5116,4.16
196001,-5.8167,-3.2499,-2.8628,-8.2071,-4.3931,-5.5931
196002,2.0494,1.3904,0.5956,1.3139,2.2903,-1.0929
196003,-2.2401,-2.3782,-3.9046,-0.8789,-1.0768,-5.0967
196004,0.1366,-2.1206,-2.9882,-1.5721,-1.3525,-3.0143
196005,5.2614,1.7891,2.451,4.31,1.8242,-0.2716
196006,2.3744,2.6222,1.4522,2.5669,1.7271,2.7993
196007,-3.2061,-1.9393,-1.4318,-3.4769,-0.2945,-1.2884
196008,4.1735,3.524,4.1669,2.7378,4.1273,2.3875
196009,-7.6558,-5.9199,-6.0058,-6.7352,-4.3791,-5.148
196010,-6.7183,-2.3294,-2.762,-0.614,-0.0592,1.0929
196011,6.5493,4.9145,3.1327,5.4248,3.9969,3.9773
196012,4.1529,3.4238,2.4035,3.5644,7.3694,3.6988
196101,7.4118,7.7242,9.6199,4.9162,7.7692,10.1383
196102,7.771,6.4184,7.3587,4.0441,2.5625,3.1417
196103,7.362,4.8654,5.9946,2.1715,4.082,2.075
196104,1.136,0.1182,2.3956,-0.3161,1.1,2.6644
196105,3.5699,5.0282,4.8259,3.1987,1.5064,2.6756
196106,-5.8585,-4.4546,-5.5313,-2.2745,-3.2281,-2.8821
196107,-0.5142,1.2461,1.3313,3.1593,3.4756,1.1407
196108,0.7691,0.3556,1.1012,3.2055,1.9716,2.3077
196109,-4.6924,-3.1595,-3.3019,-1.176,-3.0041,-3.7784
196110,0.8745,3.2762,0.2788,2.2585,3.9856,3.1468
196111,6.5024,5.7709,4.7062,4.8918,4.0776,4.2212
196112,-1.2784,0.2319,0.3555,-0.2199,0.3548,1.7303
196201,-2.605,-0.8629,2.2592,-5.0016,-1.9027,0.3934
196202,0.7054,0.7314,1.7967,1.8606,2.406,2.4047
196203,0.4216,-1.1191,-0.5598,-0.3751,-0.2782,-2.1517
196204,-6.3111,-7.2753,-6.8347,-6.6656,-5.5658,-6.0788
196205,-12.252,-10.305,-9.5501,-9.0826,-6.7701,-6.2353
196206,-9.7765,-7.5294,-7.059,-9.0125,-6.9394,-6.6288
196207,8.943,5.8576,6.5163,7.8649,5.4204,3.4812
196208,4.5675,3.5196,2.4273,2.7447,1.6034,2.494
196209,-8.0572,-7.0983,-6.193,-5.0148,-4.7652,-4.314
196210,-4.9603,-3.2027,-2.0999,0.5823,0.7334,0.3196
196211,14.9374,13.6147,14.3781,11.3537,9.9316,13.8057
196212,-3.5883,-1.4323,-2.179,1.5329,1.83,0.8372
196301,7.6553,8.1775,9.819,4.9537,4.2412,7.2031
196302,-2.5588,-1.5117,0.001,-2.7851,-1.749,-0.9838
196303,-0.0316,1.7034,2.4028,3.4082,3.3458,5.0932
196304,3.6602,2.8308,4.8496,4.9908,4.5641,5.7941
196305,1.8071,3.2305,5.4639,2.252,1.1899,3.682
196306,-1.2773,-1.9292,-1.7731,-2.326,-1.5014,-0.332
196307,-0.996,-0.5976,-1.1202,-0.0411,0.5459,-1.8554
196308,4.5361,4.4852,5.7786,5.389,4.6233,7.7374
196309,-3.0338,-0.5782,-1.9949,-1.0644,-1.7019,-1.85
196310,1.2001,1.5438,2.7144,3.8445,1.2355,2.1333
196311,-2.9288,-1.236,-0.3615,-0.2458,-1.453,0.6863
196312,0.26,0.2266,0.1898,2.0405,3.0376,2.0776
196401,0.8461,2.8067,3.9545,2.6865,2.7291,2.5345
196402,1.5955,2.1794,4.1435,1.4253,1.6582,4.4977
196403,0.5705,3.8882,5.1951,0.9246,3.0113,3.1099
196404,-1.7606,-0.4077,-1.4626,0.4194,1.2053,-1.2104
196405,0.9717,1.1988,2.0641,1.5106,1.1688,4.1377
196406,1.3983,1.5625,1.9892,1.6666,1.3153,2.3232
196407,1.5138,3.053,2.6263,1.9299,2.2271,2.3212
196408,-1.4974,-0.2513,-1.2129,-1.2341,-0.8465,-1.3608
196409,3.3709,2.9293,3.5648,2.3822,3.5233,5.5787
196410,1.1,1.3816,2.341,0.2758,1.9054,1.3829
196411,-0.1715,-0.182,0.0818,0.4912,0.8554,-3.681
196412,0.3628,-0.9113,-1.5316,1.1149,-0.1853,-1.9539
196501,7.0003,5.6999,6.6399,3.9591,2.7263,4.5649
196502,3.7212,3.4466,4.3507,0.601,0.0932,0.1864
196503,0.8913,0.7816,1.5186,-1.1241,-1.657,0.314
196504,3.1183,4.1951,5.2843,3.8016,2.5301,2.9536
196505,-0.1126,-0.7143,-1.3166,-0.2667,0.0656,-2.2744
196506,-9.9226,-8.8312,-8.5618,-4.5515,-5.0079,-4.727
196507,2.5334,3.1165,4.1342,1.3395,1.6413,4.1297
196508,6.6726,4.9682,5.0715,2.9019,2.794,2.504
196509,3.8881,3.7892,3.8147,3.7823,2.21,3.5859
196510,5.9453,5.4445,6.3906,2.8072,1.9219,5.4895
196511,4.0876,4.8265,4.68,-0.0039,-0.1558,-0.2972
196512,3.8682,3.4241,4.7121,0.842,0.9032,4.0673
196601,4.2813,5.5743,6.9633,-0.1714,1.1897,4.269
196602,3.6803,3.0931,3.3582,-1.6233,-0.8088,-0.6484
196603,-0.4175,-2.9079,-1.9266,-1.5547,-2.6594,-4.0093
196604,5.6851,4.7141,5.6828,2.459,1.7939,1.5507
196605,-9.9429,-9.8608,-10.3674,-4.2114,-5.0991,-7.0464
196606,0.8269,0.084,-0.0157,-1.9931,-0.0617,-0.1531
196607,-2.1391,-1.652,-0.72,-1.6477,-0.6083,-1.1721
196608,-11.1093,-9.8236,-10.4844,-7.6265,-6.5819,-7.3849
196609,-2.0728,-0.9029,-1.4406,-0.9883,0.1943,-0.5054
196610,-3.6037,-0.199,-0.1041,3.3124,7.1477,5.1947
196611,7.7252,4.5966,2.609,3.7009,-0.9212,-0.5612
196612,3.3601,2.6479,0.7822,-0.3564,1.412,-0.1645
196701,17.8461,16.3463,17.6522,7.8965,6.3459,12.6306
196702,4.705,2.9872,3.1331,1.9857,-0.308,-0.8887
196703,5.9768,6.5212,5.5722,4.3075,3.6503,5.461
196704,5.5597,3.8351,3.4647,6.001,1.8326,3.1401
196705,-1.73,-1.1506,-2.2992,-4.9525,-3.7329,-2.1994
196706,9.649,7.9899,8.2267,1.4707,2.0093,4.5906
196707,7.0273,7.6199,10.2558,4.9185,3.4805,7.1492
196708,-0.3555,0.8316,0.4821,-0.7586,-0.8419,1.29
196709,6.8718,5.3425,4.5936,3.7985,2.7295,1.0866
196710,-0.8656,-2.1788,-3.4492,-1.5154,-3.8102,-5.5375
196711,1.2999,1.4032,-0.8663,1.0867,0.2656,-0.1409
196712,11.0819,7.4889,8.1061,2.1451,3.2891,4.0608
196801,-1.405,0.8056,3.4917,-6.151,-1.2659,-1.4448
196802,-7.4998,-5.124,-4.9376,-3.3073,-2.1089,-3.3115
196803,-0.7159,-1.2066,-0.4988,1.8364,-0.6852,0.4382
196804,17.2535,14.2241,13.2204,10.2455,5.3802,12.0217
196805,9.6046,8.3672,8.8094,2.4723,0.1433,4.9767
196806,-0.2087,1.3677,1.5647,-0.0179,3.64,-0.3301
196807,-5.6047,-2.5506,0.2387,-4.5169,0.2548,0.4228
196808,3.9146,3.4986,4.6678,1.1224,1.5413,2.3848
196809,7.4185,6.8793,6.5425,3.3287,4.3124,4.8116
196810,-0.5614,2.0817,1.3332,-0.6203,1.7254,3.1968
196811,8.5717,8.2183,6.7563,5.5073,5.5496,5.4733
196812,0.3302,-0.5776,-1.0953,-4.8652,-3.1448,-3.4555
196901,-1.8141,-1.0378,-0.7065,-1.8167,0.0853,0.4064
196902,-10.3301,-8.1994,-7.4858,-3.952,-5.3098,-4.9845
196903,3.1033,2.1162,3.1831,3.8919,2.6001,2.7972
196904,0.835,1.9561,1.1374,3.2394,0.3983,2.874
196905,-0.2338,0.9574,0.0718,-0.1839,0.7024,0.9152
196906,-12.2122,-11.2579,-10.9413,-3.4067,-8.0495,-6.847
196907,-11.1679,-9.4675,-7.4247,-4.7347,-7.521,-6.0828
196908,7.3305,5.332,3.8237,6.7198,4.3419,2.6459
196909,-0.4689,-2.1252,-2.8037,-0.5804,-3.5785,-4.7781
196910,10.9353,8.1921,7.2155,6.3133,4.5667,3.7212
196911,-5.4549,-5.2836,-6.3987,-2.0767,-3.8218,-3.5055
196912,-5.1118,-5.7933,-6.3757,0.0964,-1.8865,-4.3616
197001,-6.0263,-5.2292,-2.2378,-8.0937,-8.5591,-5.624
197002,2.5541,3.3181,6.1774,3.8115,7.929,8.0565
197003,-5.0571,-1.1482,0.0746,-1.7482,1.4789,1.0942
197004,-20.5958,-14.1624,-11.2213,-10.5147,-9.497,-7.5195
197005,-11.109,-10.7779,-8.0596,-7.8109,-4.1594,-4.2061
197006,-8.6821,-7.262,-6.0213,-5.4642,-3.1802,-6.9337
197007,7.6004,6.9839,6.716,5.2034,9.7129,7.8949
197008,6.124,7.0949,6.6583,4.1249,5.3121,5.8857
197009,17.0959,10.585,9.486,7.201,0.3237,3.8662
197010,-6.7082,-7.0111,-4.0544,-0.6637,-1.6213,-2.8685
197011,0.5113,2.1444,2.6207,5.093,5.649,6.3668
197012,7.7683,9.6452,9.3216,5.3845,6.748,5.8366
197101,10.4614,12.8709,12.5174,4.6644,3.8389,5.2684
197102,4.5227,3.4264,2.3794,2.3764,0.3195,2.0632
197103,8.9358,5.0692,4.8168,5.8231,3.0881,2.0489
197104,3.0747,3.8399,3.2397,3.9165,2.5978,5.1225
197105,-4.0241,-5.5246,-5.101,-2.7531,-4.2248,-4.5471
197106,0.2361,-1.5114,-2.2472,1.1456,-0.1511,-0.1057
197107,-6.6487,-4.4324,-5.8546,-4.12,-3.5146,-4.8713
197108,4.3212,3.8282,6.5584,5.4943,1.2035,8.5176
197109,0.9006,-0.7424,-2.0224,0.3621,-1.2186,-2.5391
197110,-5.9435,-4.4257,-6.5569,-3.903,-3.5016,-4.2427
197111,-2.9587,-2.2901,-4.0116,0.8546,-0.3557,-1.4552
197112,13.4551,11.2092,12.1094,8.9589,8.4368,9.5107
197201,8.4904,6.8089,10.4402,2.6593,0.3564,5.1822
197202,4.6709,3.135,2.6495,4.5391,1.0451,0.9714
197203,1.5779,-0.1184,-0.3992,2.1897,-1.3698,0.9517
197204,0.57,1.2497,0.5068,0.7895,0.1041,1.0984
197205,-1.7869,-1.3544,-2.6628,2.9429,0.8957,-1.5729
197206,-3.4413,-2.7869,-3.1362,-1.069,-2.7726,-6.3332
197207,-5.0804,-3.2228,-2.0216,0.5997,-1.1781,-1.1332
197208,-0.7688,1.9638,2.5455,1.4867,7.0849,7.2568
197209,-3.3998,-2.7074,-3.1707,-0.4838,-1.0641,0.2109
197210,-2.5724,-0.1689,-1.0162,0.5178,2.2687,1.6455
197211,3.3834,5.8513,6.3656,2.9687,6.5446,9.6877
197212,-1.1684,-1.0814,-2.3004,2.6574,-0.7657,-0.5868
197301,-7.8787,-5.144,-3.6856,-2.6064,-2.1978,-1.4416
197302,-10.9375,-7.6768,-5.8766,-3.0484,-4.9269,-4.9156
197303,-3.99,-2.7003,-1.2382,-1.2331,0.5039,1.2628
197304,-11.1364,-5.4142,-4.9955,-6.0701,-2.5391,-1.3817
197305,-10.6173,-7.2074,-7.3584,-0.8841,-2.0746,-3.3242
197306,-5.079,-2.9131,-2.6949,-0.8934,-0.3405,-0.8809
197307,18.2569,10.2456,9.0944,6.4208,2.2954,4.9684
197308,-3.8969,-5.2957,-4.0378,-3.2396,-2.9881,-0.6193
197309,10.9147,9.7333,8.5459,2.2473,9.203,8.6341
197310,-2.3992,0.1687,0.8485,-0.1351,-0.3819,0.4996
197311,-22.6489,-17.8025,-16.228,-12.4865,-10.0091,-11.1645
197312,-2.3418,-2.2632,-1.4183,-1.1773,5.5957,5.5955
197401,7.5298,10.2162,13.8461,-1.0406,-1.0939,4.6894
197402,0.0167,0.4363,1.8631,-1.0556,1.1882,2.7251
197403,-0.369,-0.6212,0.4842,-1.7118,-3.3888,-3.2064
197404,-6.2809,-5.9095,-3.6342,-3.4024,-5.8554,-4.3396
197405,-7.0049,-8.027,-6.8701,-1.8453,-5.1526,-6.0298
197406,-3.2122,-2.6068,-1.1188,-2.0779,-1.7287,-2.6309
197407,-6.7549,-4.2413,-2.9998,-9.3475,-4.405,-2.7774
197408,-9.6682,-7.989,-7.3539,-10.0804,-5.6251,-7.1175
197409,-11.8584,-7.0475,-7.3086,-13.7822,-6.0879,-7.1654
197410,14.4237,7.5768,8.0211,21.2435,11.2443,7.8997
197411,-5.1519,-4.3378,-5.5397,-3.9602,-3.45,-3.9793
197412,-7.2362,-5.5575,-7.6673,-3.292,-0.0288,-2.6375
197501,24.8048,26.7424,30.6945,10.6122,16.9335,21.2771
197502,6.6106,3.1851,3.782,8.1765,2.7866,2.1213
197503,7.8014,6.8907,8.3282,2.9335,1.5737,7.1633
197504,6.4775,3.1905,3.1197,5.765,2.1356,6.8476
197505,10.3329,6.7922,6.8819,5.6927,5.8711,0.9427
197506,7.0232,7.4295,6.415,4.2499,6.3959,7.6177
197507,-2.9921,-2.3783,-2.5589,-7.4851,-4.002,-4.5331
197508,-4.6391,-4.2661,-6.7043,-2.1928,-1.6518,-2.0229
197509,-4.0116,-3.4173,-3.4014,-3.9917,-2.7235,-3.8172
197510,1.3529,3.5009,1.943,6.5434,5.819,6.522
197511,1.221,2.3795,3.8098,2.9993,3.5505,4.475
197512,-1.4989,-0.3889,-0.8743,-1.7778,0.3702,0.9831
197601,14.9242,18.4667,24.7673,10.884,14.5428,18.2942
197602,6.658,7.2422,12.4205,-1.3254,1.8115,4.6546
197603,1.333,1.441,1.8617,2.9741,2.947,2.2018
197604,-1.0072,-0.9816,-1.3187,-1.621,0.2753,-1.6344
197605,-0.8109,-2.0504,-3.6025,-0.6358,-1.5722,-0.5715
197606,3.9466,3.7179,3.8136,4.3724,5.1344,5.9218
197607,-1.1302,0.6951,0.7167,-1.2322,0.2503,0.3881
197608,-3.4817,-1.3181,-1.3246,-0.3685,1.1663,-0.9139
197609,3.5291,2.4595,2.2499,2.206,3.2014,2.8993
197610,-2.6845,-1.4952,-2.0667,-2.3694,-1.1884,-3.3552
197611,3.6512,3.1829,3.9432,-0.6832,2.4594,2.0466
197612,9.6061,9.4905,10.1071,4.7254,6.616,8.7706
197701,0.721,2.2504,3.0991,-6.3823,-1.6145,-0.2155
197702,-1.0278,-1.1012,0.0031,-1.8193,-1.5114,-1.918
197703,0.2648,0.6752,0.2314,-1.7071,-0.6237,0.4974
197704,1.144,1.2642,2.4533,-1.1247,2.0353,4.3186
197705,-0.7265,0.0597,0.6382,-1.9168,-0.071,-1.5795
197706,7.4918,6.2148,6.8343,5.6656,3.7481,4.8443
197707,0.0847,0.0819,0.5665,-1.5588,-1.033,-3.155
197708,0.691,-0.8612,-1.5152,0.2495,-3.4331,-2.9398
197709,1.6105,1.4854,0.5531,-0.7059,1.038,-0.6902
197710,-3.8335,-2.2279,-1.5761,-4.4278,-3.7881,-3.1847
197711,8.3539,7.4641,8.115,4.0768,3.8351,4.8404
197712,3.1208,1.436,1.5802,0.1735,0.8685,1.1438
197801,-4.6778,-2.8798,-1.1427,-6.4466,-5.6977,-3.2682
197802,1.6302,2.5679,2.4814,-2.6288,0.3508,-1.8122
197803,6.4492,6.6431,7.1277,2.2355,3.6135,3.9137
197804,9.9575,7.5947,7.2061,11.0834,5.557,6.7563
197805,7.0761,5.8074,5.8959,1.9154,1.1175,2.0615
197806,-0.9738,1.111,0.3601,-1.3715,-1.5437,-1.5694
197807,7.0202,4.9532,5.7853,6.9962,4.1397,5.9214
197808,8.2359,8.2832,8.7076,3.5456,4.4412,2.0514
197809,-1.8909,-0.4368,-0.6268,-2.5719,0.973,-0.0583
197810,-23.1152,-18.35,-18.6611,-9.8736,-9.117,-11.5666
197811,8.8022,4.8809,4.3691,2.8781,3.246,3.0173
197812,3.0807,1.9491,1.9966,2.7949,0.7342,-0.3788
197901,8.5569,7.91,9.6098,3.4154,5.0718,6.7362
197902,-3.4551,-2.245,-1.9317,-3.6978,-2.4034,-2.8845
197903,11.709,8.522,8.5269,5.7619,5.6959,7.5245
197904,1.6374,2.8828,3.3396,0.1217,0.6187,0.6573
197905,-2.6133,-0.7133,-0.4841,-1.814,-1.2943,-1.3239
197906,5.7373,5.9665,6.0916,3.1127,5.5269,5.6467
197907,1.9209,4.0163,3.238,0.5951,1.7378,2.9998
197908,9.0414,7.429,7.3498,6.8305,5.4674,5.3664
197909,0.8031,-1.0961,-1.0925,-0.8271,0.9897,-0.7272
197910,-9.2505,-10.5658,-11.4064,-6.7367,-6.1019,-8.2708
197911,10.9906,6.9676,6.8114,6.463,5.6336,4.0643
197912,8.2142,5.17,5.1402,3.0248,1.1064,1.8921
198001,7.9452,7.6548,8.5051,4.9399,6.4312,7.8701
198002,-0.3848,-2.9527,-2.6726,-3.063,2.1593,0.445
198003,-19.3301,-16.0471,-17.3817,-9.0773,-10.717,-13.036
198004,6.233,6.4439,5.9533,3.7499,5.5976,6.1397
198005,8.0731,7.905,8.0871,5.7433,5.4544,6.4795
198006,5.2048,4.4065,4.3282,3.0507,3.4963,2.4152
198007,13.2854,9.522,7.0754,9.3746,5.3154,2.77
198008,8.4868,4.8835,3.6359,2.1162,1.3643,1.7611
198009,5.2475,2.9382,1.0864,4.0427,3.2641,-0.9699
198010,5.8507,2.3173,3.0667,1.8142,2.9265,-0.9246
198011,12.6739,4.3981,2.6728,11.5462,13.3847,4.8858
198012,-5.3599,-1.7816,-1.2148,-2.1695,-4.6795,-0.7354
198101,-3.769,0.7707,2.114,-5.906,-5.3719,1.6425
198102,-0.7145,2.3287,2.7761,2.7916,1.2764,1.3483
198103,7.6888,7.9732,7.6879,3.9242,3.6089,5.2103
198104,2.5198,3.578,3.8073,-2.2007,-2.1678,1.0691
198105,4.9505,2.9137,1.6988,0.8188,-0.491,3.2259
198106,-5.7292,0.7184,1.423,-3.164,2.1176,-0.055
198107,-2.9082,-2.4291,-1.5787,1.2905,-0.61,-1.037
198108,-9.8846,-6.0119,-4.7176,-6.8246,-5.4665,-2.4762
198109,-10.2062,-6.5999,-4.9371,-6.43,-6.0109,-1.3539
198110,10.6086,6.6738,5.8372,8.0684,3.9254,4.4261
198111,0.8531,4.9633,4.563,4.2079,5.091,4.1649
198112,-2.4036,-0.8694,-1.4615,-3.1337,-2.7394,-2.4558
198201,-4.8632,-3.326,-0.8535,-1.9213,-3.7209,0.4466
198202,-7.4167,-3.1474,-0.7327,-7.3158,-3.4111,-1.896
198203,-2.2742,-0.451,1.5073,-1.9474,-0.5311,1.8964
198204,6.3584,5.7347,4.1462,5.7382,3.5294,2.5601
198205,-3.4446,-2.3238,-0.9464,-3.4853,-2.3037,-2.4807
198206,-3.5859,-1.6384,-1.3412,-2.5237,-1.125,-1.7167
198207,-2.2867,-0.6248,-1.0541,-0.6341,-4.1228,-1.6917
198208,8.186,8.905,8.0868,11.3557,12.8785,13.3486
198209,2.7648,4.7373,5.2828,1.9731,1.9506,0.0139
198210,15.8771,13.1747,11.6901,12.8302,11.207,9.6909
198211,9.8053,8.5255,9.209,7.1064,2.4494,3.9592
198212,1.281,1.1297,0.7614,1.1325,1.1039,1.607
198301,9.5976,5.5675,4.9439,2.7343,3.2803,5.8897
198302,4.3293,6.6137,7.1598,3.6533,2.4065,2.2234
198303,2.5762,6.4123,6.1273,2.5155,4.417,3.0031
198304,7.9818,7.8369,7.5278,5.697,9.0128,7.1267
198305,7.9931,5.4306,5.1013,-0.16,0.0474,-0.0677
198306,5.7463,4.3136,2.4488,5.2835,3.6074,0.7795
198307,-5.8404,0.0074,1.3222,-5.2005,-2.697,-1.1218
198308,-4.7929,-2.8201,-0.3019,-1.314,0.9511,5.2747
198309,0.2023,2.5052,3.9526,2.523,1.5132,0.7975
198310,-8.9359,-4.3566,-2.2239,-3.5906,-0.8627,-0.3673
198311,4.7353,4.2741,4.3171,2.9241,2.4554,1.9075
198312,-3.1882,-0.4239,0.2055,-0.7589,-1.1349,-0.6913
198401,-4.1567,-0.229,2.0888,-5.3302,0.5847,3.5896
198402,-6.965,-5.0064,-3.5449,-4.777,-4.1422,-1.5333
198403,0.1461,1.4441,2.2646,1.6286,1.589,0.4238
198404,-1.1081,0.0142,-0.0244,0.3973,0.2327,1.7183
198405,-5.9648,-4.8335,-4.285,-4.8224,-4.5671,-5.8762
198406,4.5857,2.1225,1.0123,4.4134,1.5413,2.6706
198407,-5.4642,-2.9661,-3.3285,-0.9786,-1.7684,-2.3933
198408,13.4864,10.2552,9.4739,11.1317,11.2996,11.5043
198409,-2.7498,1.403,2.2213,-2.3711,-0.4706,3.2127
198410,-2.2199,-0.2925,-0.0773,0.7342,0.8787,-0.5118
198411,-4.4941,-0.3537,0.3942,-2.238,-1.2801,1.0015
198412,2.1513,1.6676,2.095,2.683,2.6883,2.2125
198501,15.0004,10.0048,8.8293,10.143,8.1302,5.6178
198502,2.9567,2.8309,1.7902,1.2977,1.6431,2.2635
198503,-3.2404,-1.1527,1.3822,-1.3177,-0.6621,2.2078
198504,-2.0441,0.1227,1.6812,-1.7834,-0.8184,1.936
198505,4.2871,4.068,3.3406,6.1397,7.0411,5.1677
198506,1.5306,2.5552,2.2948,1.4638,1.9081,1.4631
198507,2.713,2.4715,1.1537,0.2217,-0.9461,-1.462
198508,-2.0215,0.0854,0.2922,-1.4907,-0.0969,0.8297
198509,-7.2192,-4.358,-4.142,-3.8632,-2.7279,-4.3669
198510,3.2872,3.7407,3.3782,4.0949,5.342,5.5001
198511,7.7856,7.0462,6.3634,9.0429,6.6351,4.7599
198512,4.8833,4.2109,3.1658,5.7737,3.6032,4.4138
198601,2.3768,1.5146,2.5401,0.8049,0.4672,1.5308
198602,7.2854,7.3213,6.9587,8.0072,8.2751,6.8955
198603,4.1459,5.2527,5.2443,6.255,5.7855,4.3668
198604,2.2826,1.0519,0.4498,0.5808,-1.8171,-3.3166
198605,3.3482,5.371,3.2911,5.4491,5.5183,5.0823
198606,-0.0369,0.9053,1.8141,1.8578,1.1262,2.5744
198607,-10.5776,-8.7108,-5.7929,-7.2455,-5.1365,-2.632
198608,2.243,3.5642,4.4262,4.6183,8.6552,9.4572
198609,-8.1714,-4.7631,-4.6913,-10.181,-7.3139,-7.2174
198610,4.3978,2.8904,1.7426,5.686,5.3335,5.5064
198611,0.0342,-0.6002,0.5165,2.1265,2.0508,1.501
198612,-3.0719,-3.0289,-1.8485,-2.381,-3.0977,-2.8754
198701,12.6452,10.9877,9.2413,13.9515,13.3172,11.0334
198702,9.5106,6.8593,5.094,7.4353,3.5305,0.0263
198703,1.3769,2.8899,3.663,1.6836,2.276,2.6132
198704,-2.6291,-3.0404,-3.6852,-1.7917,-0.984,-1.5187
198705,-0.3112,-0.1412,0.8036,1.3297,-0.1646,0.6845
198706,1.5427,3.2447,3.608,4.6957,5.3585,4.7076
198707,2.1631,3.2665,5.2885,5.5219,3.4924,3.7601
198708,2.8527,3.75,3.0306,4.7692,4.4239,2.7356
198709,-2.5508,-1.2682,-1.3923,-1.9644,-2.2825,-2.5734
198710,-32.4829,-27.8915,-27.8467,-23.2158,-20.3223,-19.38
198711,-6.6107,-3.9087,-3.6438,-8.7104,-7.8394,-5.7749
198712,9.2665,6.9678,4.6334,9.1347,6.4396,4.915
198801,2.2141,4.8636,6.3098,2.0283,5.568,7.9624
198802,8.5114,7.9694,7.0921,5.4343,4.6765,3.4372
198803,3.6385,3.9892,3.2186,-3.128,-3.2442,-1.2442
198804,1.4367,1.9438,2.5857,-0.6415,2.0661,1.5495
198805,-3.0097,-1.7772,-0.2763,0.0176,0.6058,2.1245
198806,7.8072,6.8012,6.2787,4.9039,5.7022,3.9622
198807,-2.3125,-0.3328,0.2536,-1.6413,-0.2281,0.2409
198808,-4.1306,-1.7398,-1.4085,-2.9658,-3.0546,-1.3904
198809,2.6306,3.0843,2.5837,5.103,3.4937,3.6418
198810,-2.0141,-0.1446,0.6314,1.5735,2.6636,3.0263
198811,-3.8315,-2.6187,-2.5909,-1.952,-1.5482,-0.37
198812,4.1019,4.0291,2.8736,2.9015,1.5045,0.7467
198901,4.2075,4.408,5.371,7.0241,6.5824,7.0682
198902,0.4871,0.8628,1.3553,-2.4817,-1.9259,-1.3377
198903,2.4678,2.8726,3.4757,2.4731,1.7194,2.621
198904,4.6182,4.4569,3.8119,6.1177,4.7227,4.084
198905,4.7052,3.6809,3.7753,4.8216,3.5,3.9835
198906,-3.1788,-0.7575,-0.068,-0.9504,-0.4147,0.4305
198907,4.2672,4.1449,3.3676,10.8754,7.1331,6.2049
198908,2.7883,2.7404,2.6094,1.0698,2.9529,2.4445
198909,1.431,-0.0028,-0.7574,0.4919,-0.9288,0.1494
198910,-5.0461,-5.7394,-6.3635,-1.3426,-3.8669,-2.2476
198911,0.7437,0.7299,-0.1227,2.3285,1.7137,1.0186
198912,0.215,-0.4629,-0.2315,1.6916,2.4455,2.4613
199001,-9.2469,-7.7747,-7.8832,-7.6131,-6.2948,-7.2709
199002,3.1973,2.7071,2.2005,0.3535,2.1549,2.6296
199003,4.297,3.9188,2.2333,4.1381,1.4489,0.3616
199004,-2.7212,-3.1601,-4.3624,-0.9445,-3.4355,-4.4877
199005,8.4807,6.6357,4.2531,10.835,8.7192,7.3981
199006,1.0426,0.4492,0,1.2711,-2.4407,-1.5455
199007,-4.5341,-3.5288,-4.3317,-1.3989,0.0264,-1.6679
199008,-14.7389,-12.3678,-11.2747,-9.7878,-7.924,-9.9623
199009,-10.1778,-8.3873,-8.3197,-5.7974,-3.7592,-6.367
199010,-5.963,-5.5088,-6.0758,0.4607,-2.0753,0.7665
199011,8.9656,6.6825,5.0044,7.386,6.8418,5.1477
199012,4.2266,3.6738,2.6959,3.7847,2.4811,1.9115
199101,9.3095,8.3042,7.9073,6.3134,3.2538,4.5144
199102,11.6821,10.3372,11.3068,7.8957,6.4618,7.1044
199103,7.8039,5.3003,6.535,4.1447,1.0879,2.6313
199104,-0.7145,1.3843,1.6752,-0.2734,0.8382,0.3398
199105,4.3206,4.776,2.6841,4.7155,2.946,5.3121
199106,-5.2543,-3.198,-4.1184,-4.8868,-4.3465,-3.7232
199107,4.3325,3.3879,3.0346,5.411,4.0532,4.0615
199108,4.4509,3.0063,4.347,3.3482,1.8036,1.901
199109,1.3208,0.5768,-1.0642,-2.2033,0.0753,-1.9731
199110,3.0458,2.5907,1.7781,1.5117,1.6334,1.8307
199111,-4.8677,-3.685,-5.5897,-2.4929,-4.6013,-5.5511
199112,10.3864,6.7452,7.4219,14.4732,7.72,9.0896
199201,7.4406,7.4819,10.6783,-2.2734,-1.4126,3.9161
199202,0.7335,2.7555,7.1315,0.3247,0.821,6.8765
199203,-6.228,-1.2417,-0.7799,-2.7662,-1.2534,-1.1011
199204,-5.4951,-2.4825,-0.9198,0.1232,4.9427,4.2205
199205,-0.7331,1.0235,2.3897,0.8799,0.4489,0.1317
199206,-6.1368,-3.2396,-2.781,-2.4792,-1.0995,0.6397
199207,2.7042,3.3135,3.7109,4.3501,4.5781,2.2174
199208,-4.2863,-1.4715,-2.7548,-1.1177,-2.1613,-4.858
199209,1.426,2.4973,1.3745,1.617,0.9125,1.1576
199210,4.4956,2.4107,1.9164,2.3858,-0.8402,1.0083
199211,9.573,6.5506,6.8812,4.5935,2.5447,4.5942
199212,2.606,3.6104,5.0863,0.7039,2.0763,3.4616
199301,1.1246,4.1558,6.3608,-1.1051,1.5576,5.531
199302,-6.4782,-0.0652,0.9461,-2.3187,4.0739,3.0909
199303,2.0745,2.8251,3.4111,1.754,3.0636,2.7855
199304,-3.7479,-2.4871,-2.7049,-5.0586,-0.7399,-1.1277
199305,6.6181,3.4308,3.1393,4.0372,2.351,0.6694
199306,0.5431,0.6606,1.4876,-1.0757,1.1626,3.4698
199307,-0.4052,1.6046,2.1185,-1.9939,1.2726,1.174
199308,3.7756,4.7705,3.4149,3.4854,3.9838,4.1084
199309,3.315,2.3534,2.4602,-0.9259,0.6327,-0.688
199310,3.9698,1.641,2.7022,3.2825,-0.0765,-0.9683
199311,-3.1616,-2.8552,-2.4434,0.062,-2.6259,-2.1447
199312,2.7277,3.9524,2.5671,1.4219,1.9158,2.2282
199401,1.8803,2.9469,4.8889,2.4154,4.577,1.6973
199402,-0.9196,0.9023,-1.0985,-1.7641,-3.0804,-4.672
199403,-6.2311,-4.7222,-4.3361,-4.6933,-3.9696,-3.3803
199404,-0.8882,0.7042,1.4197,0.6158,1.7767,1.6366
199405,-2.7048,-1.0815,0.1619,1.4041,1.5369,-0.1128
199406,-4.7152,-2.3809,-1.8241,-3.1128,-1.8992,-2.6651
199407,1.6163,1.1342,2.1612,2.8841,3.9601,3.5012
199408,7.3985,4.8445,3.9547,5.2259,2.9839,3.6475
199409,0.6014,-0.2346,-0.0209,-1.4291,-3.0779,-4.5775
199410,0.4398,-0.05,-1.5464,2.0112,2.7875,0.7504
199411,-3.9575,-3.2047,-3.6845,-3.2106,-3.5149,-4.8823
199412,0.8135,1.5798,1.5471,1.5264,1.237,0.5245
199501,-1.0872,-0.3093,0.8998,2.194,2.459,5.3437
199502,3.5045,3.3654,4.2537,3.8868,3.9271,5.2961
199503,2.9035,1.7243,1.2955,2.9623,3.1772,0.2608
199504,1.0824,2.8031,3.3218,2.3436,2.8189,3.5196
199505,0.8409,1.5866,2.955,3.2689,4.0276,5.7376
199506,7.7813,4.5341,4.3521,3.4656,1.8442,1.8233
199507,8.0404,4.7905,4.8239,3.7632,3.932,3.7455
199508,2.0488,2.6992,3.9387,0.0326,0.874,3.7307
199509,2.4192,2.1131,1.6687,4.506,3.1103,5.1737
199510,-5.5169,-5.2771,-3.8152,0.331,-1.2331,-2.373
199511,3.7295,3.3741,3.7025,4.2415,4.5532,5.2829
199512,2.2051,2.1904,2.2547,0.8634,2.4287,1.2528
199601,0.0325,0.3393,0.6887,3.1042,2.9451,3.212
199602,4.8418,2.3586,2.7796,1.6586,1.3955,1.5535
199603,2.4736,2.6032,2.6298,0.3329,2.0041,0.8853
199604,8.5392,5.1675,4.6315,2.5169,1.7542,-1.6187
199605,6.0161,4.6673,5.3554,3.3798,0.7688,2.376
199606,-6.3904,-2.9786,-2.3838,0.141,-0.69,0.8304
199607,-13.7771,-6.8259,-5.4644,-5.6703,-3.7797,-3.6952
199608,7.0424,4.9914,4.4876,2.1368,3.8503,3.2033
199609,5.3067,2.4659,3.2759,6.6623,4.0671,3.2607
199610,-5.2621,-0.2902,0.9932,0.6781,3.789,4.3024
199611,1.7531,4.4777,3.9288,7.1535,7.3238,7.7482
199612,0.5392,2.5949,2.2704,-1.7155,-1.5427,-0.8256
199701,4.1649,3.219,2.9067,6.5068,4.7004,4.9195
199702,-6.4196,-0.7155,1.2125,0.0212,-0.0144,3.738
199703,-8.4408,-3.865,-1.806,-5.3569,-2.4748,-5.2102
199704,-3.2057,0.6159,-0.4489,6.4759,3.9495,3.855
199705,15.557,10.2569,8.4213,6.9398,5.9044,5.8204
199706,3.2911,5.6404,6.9037,4.3459,3.9275,3.8965
199707,5.0479,5.214,5.5703,7.7392,8.585,7.7277
199708,3.9081,3.3966,3.0223,-5.5037,-3.7395,-2.2565
199709,8.7194,7.8769,8.2867,5.0326,6.0494,6.2052
199710,-6.461,-3.5409,-2.0165,-3.2725,-3.365,-3.1766
199711,-3.445,-1.036,0.5167,5.1146,2.7105,3.5621
199712,-2.2526,0.7737,2.3342,1.2184,2.7801,4.3036
199801,-0.6783,-1.2244,-1.0299,2.5491,-1.9299,-0.3543
199802,8.559,7.3417,7.0923,7.0242,8.2254,6.7943
199803,4.1742,4.9101,4.6827,4.9016,5.1173,7.1641
199804,0.6953,1.4324,2.1415,0.8618,1.8983,1.2991
199805,-7.4586,-5.1838,-2.4278,-2.1842,-2.3898,-0.3432
199806,0.599,-0.4395,-0.1616,5.5655,1.6572,2.4064
199807,-7.7919,-7.2965,-7.4253,-0.84,-2.1666,-4.7627
199808,-24.3741,-18.2644,-18.8106,-13.6291,-18.6322,-12.1245
199809,9.1005,5.1464,3.6424,7.8651,3.2743,6.4886
199810,4.4161,3.7767,3.3328,7.9721,8.3229,4.5867
199811,9.0066,5.9692,5.4904,7.0561,5.6614,4.0667
199812,6.7069,3.5678,2.802,8.2786,2.4758,3.812
199901,3.7326,2.0771,1.0679,4.9923,1.1859,-1.551
199902,-8.8767,-7.3347,-8.4237,-4.4395,-0.904,-1.0443
199903,-0.1892,0.9474,-2.7853,3.9834,4.2758,1.1068
199904,9.0446,10.6925,9.1712,2.2638,7.8684,7.0474
199905,1.8174,1.0419,3.7551,-2.4989,-1.164,0.2561
199906,6.642,5.8396,6.4515,6.5464,2.7282,0.3594
199907,-1.1252,-0.5169,-1.17,-2.9887,-3.7973,-3.8208
199908,-2.7649,-3.0498,-3.4268,0.0456,-3.4353,-3.0357
199909,0.6314,-0.1897,-2.8843,-1.7866,-5.6162,-5.2602
199910,0.9525,-0.4475,-2.7004,6.647,7.5254,3.5624
199911,13.3583,6.4205,4.3349,4.1944,-2.6936,0.9766
199912,18.3003,9.0252,6.6659,8.3424,1.2492,3.3242
200001,1.1975,-0.9354,0.3625,-4.8391,-4.0904,-7.7629
200002,28.0883,15.6498,13.1301,1.2418,-5.4572,-2.9891
200003,-13.484,-4.8054,-1.2043,8.6671,10.7953,12.6437
200004,-14.6459,-5.7927,-4.3476,-4.2256,-0.5153,-0.0027
200005,-7.4689,-5.3605,-4.9489,-3.4721,0.3541,3.4989
200006,17.7779,9.2663,8.5776,4.7732,-4.8059,-2.8696
200007,-7.1352,1.3482,1.8849,-3.0452,3.7998,4.5455
200008,8.796,5.1353,6.671,7.5806,7.93,6.93
200009,-7.2712,-0.573,-0.4569,-5.9659,1.5545,1.5671
200010,-8.4071,-1.3294,-1.5683,-2.0153,-0.2313,2.5737
200011,-16.5288,-4.3038,-2.9313,-10.5537,-3.4093,0.4395
200012,2.7926,8.7299,8.6265,-0.1828,8.9452,9.2058
200101,12.6089,5.0389,6.863,3.4848,1.894,-0.9
200102,-12.4032,-0.6751,0.0022,-11.2013,-0.8604,1.3265
200103,-7.6214,-0.8824,-1.5864,-8.0352,-1.5624,-1.2367
200104,10.1832,5.0033,5.0816,8.9573,4.9486,4.7177
200105,3.8731,4.6138,6.31,0.4381,2.1237,4.7252
200106,6.3064,4.6371,3.1503,-2.2317,-1.0819,-1.3252
200107,-9.3319,-4.5299,-1.089,-1.7118,-1.1436,0.4601
200108,-7.4609,-2.6798,-1.4791,-6.9023,-3.8984,-8.2732
200109,-17.0159,-13.4339,-14.1521,-8.1659,-9.6087,-8.1314
200110,11.118,5.4265,4.4857,3.3534,0.5583,-5.3216
200111,9.0378,7.3094,9.0717,7.8875,6.654,12.2742
200112,6.7106,6.8199,6.689,0.6646,2.9847,2.3635
200201,-5.1916,0.3734,3.3048,-0.9182,-1.6239,-2.5436
200202,-8.1298,-1.2577,-1.0152,-2.3962,0.1967,-5.1829
200203,8.8781,7.6614,9.9117,3.5933,5.5297,4.684
200204,-4.0034,2.3893,4.227,-7.1199,-0.5419,-7.5924
200205,-6.7104,-3.6309,-2.6494,-1.3862,0.4151,-2.3928
200206,-7.0903,-3.2247,-2.4015,-7.4377,-5.9293,-12.2215
200207,-14.9416,-14.5371,-15.3101,-6.4478,-8.7317,-13.7713
200208,-0.433,0.3783,-0.4485,-0.1006,1.7138,6.4683
200209,-8.3652,-7.4921,-7.1005,-10.8017,-10.2357,-9.135
200210,6.6758,4.63,0.54,9.7548,4.3438,7.9856
200211,13.2221,8.3005,7.6826,5.378,5.8461,8.4496
200212,-8.677,-4.6337,-3.583,-6.1715,-3.9938,-6.9949
200301,-2.331,-2.6034,-1.2782,-2.8369,-1.8127,-5.5572
200302,-3.9075,-1.9031,-3.7313,-1.4217,-2.3934,-4.3684
200303,1.7988,0.5505,1.0764,1.5895,0.3344,-1.5555
200304,11.0914,9.3698,9.5335,7.7629,8.7516,11.5916
200305,13.1865,10.8523,10.6693,5.0071,7.3773,8.327
200306,2.4758,2.3886,3.5209,1.3366,1.3129,0.5109
200307,8.2157,5.6878,6.6437,1.7695,2.7525,0.8599
200308,4.9033,4.5309,6.0561,2.126,1.5654,4.0295
200309,-1.6603,-1.9102,0.922,-1.132,-0.5218,-3.3924
200310,8.4031,8.0205,10.7909,5.2059,7.1717,6.751
200311,2.9769,3.661,4.676,0.8079,1.6078,2.661
200312,1.0682,2.5792,3.107,4.6141,4.3907,5.7836
200401,3.8937,3.4793,7.2328,1.4411,2.4336,3.077
200402,0.3743,0.9521,0.2898,1.0861,2.2999,2.9757
200403,1.2919,0.4204,0.4087,-1.8648,-0.7461,-0.4333
200404,-3.3071,-3.2731,-6.0914,-0.2311,-3.7625,-3.6398
200405,1.0241,1.281,0.7002,1.2499,1.2698,1.0769
200406,3.1125,5.0647,4.3401,1.5136,1.559,2.6548
200407,-9.4967,-5.6173,-5.2013,-4.3756,-2.317,-2.1818
200408,-2.2001,-0.2855,-0.6391,-0.282,1.4836,0.1024
200409,5.5244,5.1966,3.6371,0.8519,1.7287,2.7342
200410,2.7869,1.6822,1.2476,1.5958,0.9939,2.6893
200411,8.5101,8.6832,8.7784,3.7051,4.7825,6.2587
200412,4.4048,2.5587,3.7097,3.5207,3.4817,3.7746
200501,-5.3911,-3.2922,-2.663,-3.0957,-1.3806,-1.7037
200502,0.7712,2.0313,2.804,2.1229,2.0273,3.1604
200503,-4.154,-2.455,-1.4772,-1.2856,-2.7057,0.1157
200504,-6.3511,-6.0303,-5.7186,-1.7369,-2.3195,-2.2342
200505,7.498,6.3547,5.7183,3.6683,3.079,4.1685
200506,2.7806,4.0838,4.7555,-0.7926,1.7881,2.8856
200507,6.9998,6.9463,5.9866,4.5699,2.6374,3.9961
200508,-2.2529,-1.1745,-1.2413,-1.2405,-0.8856,0.3806
200509,0.3822,0.9027,0.2636,0.3871,1.1889,1.9333
200510,-3.9638,-2.6603,-2.2453,-1.2382,-1.7791,-2.1076
200511,5.1198,4.6336,4.0298,4.1346,3.77,2.8948
200512,0.0933,-0.3908,-0.323,-0.729,1.2761,0.0853
200601,8.5807,9.2919,8.1654,1.8137,3.6573,4.3913
200602,-0.5483,-0.1086,-0.5208,-0.0917,0.8676,-0.804
200603,4.0319,5.2535,5.3598,1.6908,1.0619,1.5704
200604,-0.5657,1.0125,0.8286,0.0059,2.2492,3.2858
200605,-7.6554,-4.7808,-4.0432,-2.9029,-3.0052,-1.6874
200606,-0.7189,0.4333,0.0187,-0.1141,0.166,0.8541
200607,-5.8879,-2.817,-2.1527,-0.7869,1.1701,0.6862
200608,3.4981,2.5396,2.5223,3.3106,1.9982,0.1641
200609,0.8236,0.8357,1.3171,2.5161,2.3538,2.1895
200610,6.1777,5.2004,4.5665,3.3829,2.9276,4.3813
200611,2.5686,2.7786,2.7404,1.8462,2.1992,1.9554
200612,-0.5996,0.6826,2.0235,0.3481,2.0059,3.1865
200701,2.5527,0.8502,1.9196,1.9159,1.8344,1.1933
200702,-0.1024,-0.0686,-1.0489,-1.9498,-1.5525,-1.2836
200703,1.7726,1.3194,0.3487,0.8422,1.7789,0.333
200704,2.8135,2.0625,0.9535,4.8417,3.6568,3.7988
200705,4.5063,3.6848,3.1037,3.2198,4.0191,3.3277
200706,-0.5887,-1.1976,-1.6191,-1.1139,-2.3413,-2.1834
200707,-4.8084,-5.7884,-8.2207,-1.4022,-4.1777,-5.4141
200708,1.5001,2.4086,-0.6619,1.5856,2.0066,0.0271
200709,2.5885,0.9244,0.0934,4.9638,2.2985,3.0316
200710,3.5844,1.7244,0.1482,3.1527,1.4203,0.6368
200711,-7.5145,-6.6168,-7.9013,-3.1057,-5.5464,-4.5989
200712,0.1682,-0.6225,-0.9297,-0.4386,-0.8883,-0.4388
200801,-8.5654,-6.4944,-3.9366,-7.1977,-4.8299,-3.8873
200802,-4.6707,-2.8373,-3.9608,-2.11,-3.5707,-4.4916
200803,-2.1235,1.1733,0.1903,0.6612,-2.509,-1.0498
200804,4.7454,3.4384,1.5267,3.7378,6.047,5.0753
200805,5.515,5.3912,3.0015,2.3412,0.6904,1.9916
200806,-7.2838,-7.3823,-8.8965,-7.0126,-9.4254,-10.8237
200807,2.2876,2.9111,5.2999,-1.0748,-2.9991,6.751
200808,3.1047,3.8853,7.0479,1.4728,1.0545,0.7139
200809,-11.096,-7.2829,-6.9905,-9.78,-9.8463,-2.057
200810,-22.1126,-19.3548,-20.5932,-15.4972,-17.143,-21.6172
200811,-11.7044,-11.2419,-14.3367,-6.2057,-6.3444,-16.1953
200812,4.9088,4.3191,5.3899,1.7,1.0346,1.5085
200901,-7.8913,-10.1102,-16.0718,-5.3342,-9.2189,-19.7425
200902,-9.8277,-11.4055,-15.0774,-7.9555,-11.9113,-16.6032
200903,9.1856,10.321,11.0487,8.3258,8.7151,13.4126
200904,16.4844,16.6524,18.304,7.9415,10.4615,16.8494
200905,3.8848,3.1539,2.4796,4.5172,6.0893,6.4772
200906,5.4172,1.7451,0.7106,0.8703,-1.0007,0.114
200907,6.9131,10.3276,13.3715,6.7746,8.2384,9.9829
200908,1.0155,3.0144,8.1775,1.7045,3.9404,9.8001
200909,6.3176,5.8375,7.5882,3.4573,4.7055,4.2793
200910,-6.9838,-6.3198,-9.3918,-0.4418,-2.7689,-6.4484
200911,2.0214,1.9394,4.1189,6.6381,4.7671,3.8618
200912,8.4759,8.074,8.368,1.9456,3.1202,1.7169
201001,-3.7834,-3.0201,-2.6952,-4.2125,-2.0265,-4.4504
201002,3.3733,4.1291,7.4667,3.058,2.9082,5.4191
201003,7.016,8.1488,8.9514,5.2329,6.7363,7.7161
201004,3.9334,6.237,9.2912,0.852,2.7427,1.2645
201005,-5.9602,-7.1246,-10.3776,-7.3779,-8.5019,-7.8501
201006,-5.7705,-7.5702,-10.8899,-4.4235,-5.6504,-8.7076
201007,6.7892,6.6916,7.2318,6.7418,7.6803,5.6834
201008,-7.1839,-7.6703,-8.6118,-4.0632,-3.9597,-6.4365
201009,14.0566,12.773,10.9568,10.0755,8.9842,6.851
201010,4.4548,4.2298,3.6404,4.5444,3.8611,0.5078
201011,3.7202,4.1091,3.3312,0.5094,0.3779,-1.0253
201012,7.3101,8.3262,9.4636,4.9391,7.795,10.1774
201101,-0.4753,0.0659,0.3442,2.0293,2.5443,2.8643
201102,5.1047,5.3273,5.6043,2.5012,4.4024,4.5472
201103,3.3477,2.8287,1.4611,0.1939,1.3976,-1.5739
201104,3.2935,2.1076,1.0561,3.7506,2.7078,1.1332
201105,-1.4039,-2.1295,-3.1974,-0.5623,-1.3945,-3
201106,-1.7945,-2.1286,-1.8913,-1.4636,-1.7685,-2.2103
201107,-4.5439,-3.9686,-3.0352,-0.7561,-2.9443,-4.059
201108,-9.3769,-8.8784,-9.7399,-3.9976,-6.4878,-8.3585
201109,-11.1092,-11.4956,-10.8019,-6.3705,-6.9662,-10.1269
201110,15.6782,15.5059,13.1351,9.8325,12.0524,12.5813
201111,-1.8363,-0.2643,-0.1686,-0.0524,0.9022,-2.6363
201112,-0.5702,0.7812,1.1746,-0.1342,1.9194,1.38
201201,8.2691,6.8063,5.8503,5.4881,3.3587,5.9724
201202,3.4368,2.3748,2.9373,4.63,3.6923,5.9852
201203,2.4245,2.8281,3.0831,3.696,1.2495,5.3242
201204,-1.4451,-2.0557,-0.9131,-0.4648,-0.1512,-2.5525
201205,-6.5422,-6.3568,-6.2397,-5.4838,-5.942,-7.9175
201206,5.7104,4.2133,4.7887,2.9353,4.6708,5.0942
201207,-3.3857,-0.8349,-1.7068,1.2935,1.4434,-0.4303
201208,3.2884,3.1319,3.7404,2.3725,1.8713,4.5117
201209,3.2688,3.5064,4.1139,1.9087,3.2017,4.2734
201210,-4.043,-1.3306,-0.8733,-2.4805,-1.8315,1.5199
201211,1.0919,1.0371,0.8674,1.1244,0.3005,-0.3317
201212,2.6308,3.469,4.4199,-0.1907,1.2208,5.0406
201301,6.8825,6.354,5.8106,4.4787,6.0958,7.469
201302,1.0361,0.8598,1.3242,1.3647,1.3768,1.3
201303,5.1794,4.5322,4.5439,3.7607,4.0516,4.0252
201304,-0.7799,-0.873,-0.1701,1.8584,1.2847,2.1417
201305,5.0181,5.3174,5.199,1.9508,1.4377,7.0326
201306,-0.2285,0.3686,-0.1188,-1.7702,-0.3864,-1.8251
201307,7.38,7.1538,7.8817,5.6309,4.892,6.2744
201308,-1.0563,-3.5324,-3.8395,-1.7433,-3.1653,-4.3434
201309,6.3876,6.2724,5.6102,4.0527,3.1904,2.3976
201310,1.0547,3.13,3.946,4.1757,4.7556,3.7778
201311,5.2474,3.9242,4.5237,3.2912,1.8741,4.657
201312,1.8901,2.7731,1.8888,2.1376,3.7106,2.0897
201401,-0.1005,-4.1315,-3.6886,-3.3492,-3.3583,-3.8951
201402,4.0185,4.7536,5.1966,5.0204,4.6768,3.2149
201403,-3.4318,1.3005,1.3785,-0.5888,0.7922,4.4634
201404,-6.3726,-3.0591,-2.74,0.3706,0.9417,-0.9228
201405,-0.6871,0.8499,0.0861,2.459,2.0113,1.4194
201406,7.1987,5.0834,4.4407,1.643,2.8017,3.0089
201407,-6.3824,-6.3564,-5.4594,-1.4006,-1.6522,-2.2657
201408,5.0712,4.0537,4.5295,4.7978,3.226,4.438
201409,-4.7302,-5.2698,-6.439,-0.9312,-2.4773,-1.9052
201410,7.5086,5.819,5.2151,2.8233,1.5928,1.499
201411,1.7865,-0.264,-1.0665,3.7087,2.5528,0.3802
201412,2.0778,2.8713,3.2662,-1.3474,0.1043,2.0002
201501,-2.8575,-4.9049,-5.1879,-1.5607,-3.2987,-6.3993
201502,7.6759,7.0046,5.0056,6.4876,5.884,5.4379
201503,2.0451,1.8086,1.1345,-1.3767,-1.5381,-1.2115
201504,-3.2024,-2.1341,-0.7281,0.3415,1.2764,1.5106
201505,2.8938,2.7074,0.881,1.2186,1.5029,0.9607
201506,2.7223,0.3338,0.6035,-1.8323,-1.9434,-1.2916
201507,-0.2299,-2.3691,-5.6037,2.9657,1.257,0.08
201508,-9.3032,-4.7406,-3.3404,-6.1721,-5.618,-6.588
201509,-7.8251,-4.6211,-4.7172,-2.2242,-2.8566,-4.2145
201510,5.0061,6.5022,5.7017,8.0276,8.4164,6.4103
201511,5.6571,3.383,3.6571,0.5054,-0.2685,1.6709
201512,-3.8734,-4.9792,-6.8243,-1.306,-2.2722,-3.573
201601,-14.1147,-7.7001,-6.9269,-5.1637,-5.1326,-8.1763
201602,-0.7099,0.9644,0.378,0.0215,0.6254,-2.2142
201603,7.7058,7.8537,8.4662,6.576,6.7935,8.2047
201604,2.6434,1.1627,3.8478,-0.6295,1.2854,4.7317
201605,2.329,1.279,0.5247,2.1877,1.7826,0.6654
201606,0.2961,-0.4148,-0.0412,0.0131,0.5954,-2.6015
201607,7.0391,5.6229,5.674,4.951,2.2505,3.6762
201608,1.3009,2.6474,3.2507,-0.5452,0.4159,3.8652
201609,3.2742,1.326,1.6892,0.4472,-0.0784,-0.4406
201610,-8.1473,-5.1404,-3.0228,-1.9605,-2.255,1.0938
201611,9.14,12.5646,14.9658,1.943,5.0565,12.5388
201612,-0.4427,2.9023,4.4845,1.3517,1.8021,3.4784
201701,1.9775,-0.1904,-0.7168,3.221,1.0026,0.4064
201702,3.3431,1.1583,0.2891,4.2757,2.6548,3.9975
201703,2.3122,0.0637,-0.6854,1.1103,-0.2497,-2.5873
201704,1.9398,1.4382,0.6314,2.0535,0.6725,-0.8974
201705,-0.8419,-1.6372,-3.8611,2.8958,0.1204,-1.6445
201706,4.8044,3.1401,3.4308,-0.1294,0.5599,4.2068
201707,0.7577,0.5109,0.4835,2.4781,1.6575,2.1367
201708,-0.6132,-2.0376,-2.3451,1.2965,-0.1186,-1.1635
201709,5.4339,8.3527,8.3452,1.3548,2.6473,4.7097
201710,0.3608,0.3246,1.0223,3.1219,1.5413,2.862
201711,2.7002,2.7212,2.7467,3.3234,3.2685,3.2153
201712,0.8682,-0.7691,0.0149,0.9718,1.1421,1.9459
201801,3.1384,2.9959,1.8311,6.4966,5.6052,5.2253
201802,-3.0809,-3.7637,-3.7185,-2.5784,-4.7349,-4.0181
201803,1.3872,0.9719,1.9283,-2.3638,-2.2034,-3.3156
201804,1.2051,1.0672,2.3998,0.6196,0.1555,0.5007
201805,8.0065,7.5384,5.7014,3.8336,1.9238,-0.2962
201806,2.8798,0.2033,0.605,1.0924,0.4914,-1.2985
201807,1.4318,2.1783,1.0495,3.3424,3.3649,4.6186
201808,5.7092,3.3666,2.2899,5.3918,1.7127,0.8061
201809,-1.7386,-2.749,-2.837,0.5834,0.6728,-1.7224
201810,-13.3209,-11.4005,-9.1745,-8.1926,-5.9586,-5.528
201811,1.0421,2.1254,0.8306,1.4792,2.2986,2.2556
201812,-12.0894,-11.9107,-12.6518,-8.3897,-9.5705,-11.5847
201901,12.9018,10.3765,11.0625,8.1844,8.3561,9.1348
201902,6.4488,5.0532,3.6106,3.7678,3.9457,1.2013
201903,-0.6681,-2.9059,-4.2492,2.7755,0.4716,-1.8982
201904,2.3043,4.0445,3.2967,4.0177,3.4674,7.3301
201905,-7.1275,-8.2321,-9.9145,-6.3402,-6.7042,-8.2928
201906,8.2594,7.6955,6.4689,7.0538,7.0688,7.4528
201907,-0.7976,0.7021,-0.6313,1.8103,0.679,2.587
201908,-4.1984,-5.8792,-8.1024,-1.0204,-3.2964,-6.6937
201909,-2.4907,3.952,5.5525,0.3214,3.7989,5.7837
201910,4.4627,2.5468,0.6841,2.6102,1.6118,2.579
201911,6.1075,3.3041,3.5346,4.3949,3.2386,2.9457
201912,2.7577,4.3696,4.789,2.757,2.6757,4.2633
202001,-1.8502,-4.1627,-8.2603,1.6837,-2.1307,-4.46
202002,-6.1507,-8.6528,-9.9751,-7.0477,-10.1221,-10.8288
202003,-18.6226,-21.4701,-28.0799,-8.9985,-17.5166,-27.2089
202004,18.3099,13.0286,15.6219,14.3817,10.8271,14.3835
202005,11.2651,4.8208,4.2878,6.058,3.531,3.3176
202006,5.446,2.4738,3.5002,3.5334,-1.2471,1.0626
202007,1.8239,2.8586,2.654,7.2846,3.3318,3.64
202008,7.1723,4.5483,5.3709,9.4568,3.0264,5.318
202009,-0.5582,-4.4953,-5.8531,-4.1638,-2.5255,-4.266
202010,0.6958,2.5126,6.2523,-2.8696,-0.8337,0.0293
202011,23.143,17.6858,19.5746,10.4738,14.3622,18.1689
202012,12.7199,8.0689,8.3849,4.4523,4.3095,5.7604
202101,5.8871,5.1032,10.6737,-0.5979,-0.5502,0.6968
202102,5.848,9.4077,9.314,0.3563,6.9484,11.0755
202103,-2.7043,3.0157,7.1905,2.3154,5.0555,7.2184
202104,2.563,1.5026,1.2465,6.0793,3.3492,5.4552
202105,-1.6461,1.4871,6.0506,-1,2.0495,5.4637
202106,5.5321,0.4348,-1.3843,4.8194,-1.2665,-3.951
202107,-5.5669,-1.8119,-3.7459,3.1122,0.0556,-2.391
202108,2.4939,1.4988,2.7415,3.5727,1.4455,2.9397
202109,-4.4684,-3.4654,0.4729,-5.449,-3.9731,-0.0902
202110,2.9734,3.788,3.7639,8.0178,3.2321,6.3345
202111,-7.0132,-1.3188,-3.7738,-0.3202,-3.3964,-4.4455
202112,-0.0285,4.1317,4.3891,2.5978,6.2586,4.6791
202201,-13.3275,-9.0838,-0.9688,-7.9548,-3.0364,5.4471
202202,-0.0313,1.1878,2.2547,-3.559,0.0076,0.3744
202203,1.7907,0.997,0.5349,4.3282,1.8907,1.9728
202204,-13.5306,-8.5191,-5.5794,-10.5957,-6.7044,-6.154
202205,-4.3725,1.6315,4.1594,-2.6268,3.7604,5.8023
202206,-4.3114,-6.6621,-11.1931,-7.2574,-8.8209,-12.3887
202207,13.4327,10.7498,8.7697,11.4389,5.1161,7.9956
202208,0.2894,-2.1621,-2.2616,-4.7173,-2.0542,-1.5765
202209,-9.3432,-10.0672,-9.7727,-9.1236,-9.0208,-8.5881
202210,7.279,10.3137,13.8218,5.4729,10.7625,14.965
202211,-0.5107,2.8785,2.5509,5.1322,5.4547,4.838
202212,-5.91,-6.8834,-5.4081,-7.172,-3.9816,-4.9538
202301,13.897,11.1438,8.176,7.4984,5.5451,5.1759
202302,-2.4126,-1.4158,-1.6957,-1.3926,-3.9245,-3.7135
202303,-3.4709,-3.5802,-9.1571,6.7386,-1.0633,-5.3232
202304,-1.2652,-2.2809,-2.5425,1.0401,0.7198,2.2148
202305,0.8681,1.2623,-4.297,3.9806,-4.6457,-6.3029
202306,7.5959,8.1418,8.101,7.1427,5.952,6.1311
202307,5.1406,6.3405,9.2209,2.9017,4.582,6.9958
202308,-7.7468,-5.4808,-5.3805,-0.8993,-2.8277,-5.5092
202309,-6.7894,-5.7953,-6.0834,-5.4009,-2.7108,-3.0848
202310,-9.075,-6.0702,-6.2088,-1.7957,-3.6551,-4.3317
202311,9.9027,9.0302,10.4754,9.5658,7.6582,12.2209
202312,12.2846,11.9738,15.3817,4.2262,5.3949,10.9983
202401,-4.2292,-4.1889,-5.1532,1.7423,1.9773,-1.9996
202402,6.6279,5.342,2.3119,5.5721,6.3837,2.8054
202403,1.1282,2.9269,3.729,2.3524,4.7421,8.0772
202404,-7.9304,-6.733,-6.4165,-3.2845,-4.896,-5.8782
202405,5.7419,4.9294,4.2925,5.6152,3.1794,4.3329
202406,-0.8444,-2.4795,-1.7929,5.1391,-0.6413,-0.54
,,,,,,
,,,,,,
200605,0.2236,0.454,0.8392,0.2142,0.451,0.7229
200606,0.2231,0.4542,0.8384,0.2145,0.4514,0.7231
200607,0.204,0.4282,0.785,0.21,0.435,0.7047
200608,0.204,0.4286,0.7815,0.2115,0.4363,0.7045
200609,0.2053,0.43,0.7837,0.2117,0.4372,0.7069
200610,0.2058,0.4311,0.784,0.2117,0.4381,0.7074
200611,0.2046,0.4303,0.7864,0.2112,0.4376,0.7062
200612,0.2044,0.4314,0.7865,0.2112,0.4379,0.7069
200701,0.2039,0.4327,0.7917,0.2119,0.4399,0.7062
200702,0.2037,0.4325,0.7942,0.2112,0.4389,0.7066
200703,0.2039,0.4317,0.7969,0.2112,0.4394,0.7075
200704,0.2026,0.4308,0.7961,0.2109,0.4384,0.7057
200705,0.202,0.4297,0.797,0.2111,0.4381,0.7063
200706,0.2021,0.4284,0.7994,0.2109,0.4376,0.7056
200707,0.1874,0.4224,0.7937,0.1892,0.4094,0.7089
200708,0.1861,0.4216,0.7899,0.1889,0.4077,0.7071
200709,0.1854,0.4221,0.7868,0.189,0.4077,0.705
200710,0.1847,0.4209,0.7794,0.1888,0.4069,0.705
200711,0.1846,0.42,0.7725,0.1873,0.4033,0.6999
200712,0.1846,0.4195,0.7683,0.1882,0.402,0.7007
200801,0.1844,0.4182,0.7654,0.188,0.3996,0.6971
200802,0.1861,0.4216,0.7699,0.1896,0.4021,0.697
200803,0.1863,0.4206,0.7649,0.1901,0.3986,0.6952
200804,0.1869,0.4191,0.7684,0.1905,0.3972,0.6957
200805,0.1874,0.4181,0.7667,0.1893,0.3968,0.6945
200806,0.1869,0.4165,0.7643,0.1885,0.3937,0.6928
200807,0.2462,0.5845,1.4379,0.2265,0.5363,1.1544
200808,0.2488,0.5954,1.4903,0.228,0.5398,1.1696
200809,0.2516,0.601,1.6182,0.2292,0.5344,1.1479
200810,0.2523,0.6043,1.5194,0.2306,0.5268,1.1231
200811,0.2539,0.6083,1.5295,0.2317,0.5217,1.1412
200812,0.2552,0.6014,1.4592,0.2327,0.5182,1.1212
200901,0.2534,0.6021,1.4739,0.2331,0.5168,1.0731
200902,0.2534,0.5951,1.4148,0.2304,0.5163,1.0298
200903,0.2537,0.5881,1.3527,0.2288,0.5137,1.0219
200904,0.2556,0.5886,1.3805,0.2286,0.5166,1.0349
200905,0.2565,0.5917,1.3949,0.2294,0.5204,1.0434
200906,0.2566,0.5922,1.4346,0.229,0.5214,1.053
200907,0.3134,0.7713,1.6319,0.2827,0.7144,1.3856
200908,0.3152,0.7764,1.6253,0.2835,0.7134,1.392
200909,0.317,0.7835,1.7019,0.2844,0.7167,1.4592
200910,0.3147,0.7844,1.7198,0.2829,0.7171,1.441
200911,0.3177,0.7819,1.6902,0.2828,0.7156,1.4197
200912,0.3164,0.7793,1.7009,0.2828,0.7163,1.4262
201001,0.3176,0.7789,1.7177,0.2824,0.7141,1.4052
201002,0.3189,0.7869,1.7283,0.2828,0.7195,1.4383
201003,0.3189,0.7873,1.724,0.2825,0.719,1.4387
201004,0.3169,0.7863,1.7452,0.2817,0.7206,1.4585
201005,0.3176,0.7865,1.7669,0.2815,0.7219,1.4781
201006,0.3171,0.7834,1.7391,0.2812,0.7201,1.4668
201007,0.266,0.627,1.2955,0.2688,0.638,1.1264
201008,0.2668,0.6289,1.2963,0.2688,0.6405,1.1316
201009,0.2659,0.628,1.296,0.2683,0.6393,1.1218
201010,0.2653,0.629,1.2915,0.2679,0.6405,1.1259
201011,0.2666,0.6277,1.2875,0.2678,0.6407,1.1248
201012,0.268,0.6277,1.276,0.2682,0.6394,1.1224
201101,0.2685,0.6303,1.2777,0.2689,0.6416,1.1366
201102,0.2675,0.6305,1.2749,0.2703,0.6423,1.1346
201103,0.2671,0.6318,1.2788,0.2697,0.6411,1.127
201104,0.2659,0.6297,1.2732,0.2682,0.6411,1.1234
201105,0.2656,0.6289,1.2704,0.2678,0.639,1.1211
201106,0.2654,0.6252,1.2691,0.2666,0.6384,1.1184
201107,0.2126,0.5174,1.0834,0.2105,0.4793,0.9793
201108,0.211,0.5182,1.0784,0.2097,0.4785,0.974
201109,0.2102,0.518,1.0708,0.2097,0.4791,0.961
201110,0.2086,0.5193,1.0672,0.2095,0.479,0.9454
201111,0.2094,0.5173,1.0609,0.2102,0.4785,0.9498
201112,0.2085,0.5169,1.0553,0.2103,0.4778,0.9354
201201,0.2106,0.5174,1.0589,0.2111,0.4786,0.9335
201202,0.2088,0.5174,1.063,0.2094,0.478,0.9471
201203,0.2081,0.5169,1.0615,0.2086,0.4781,0.9522
201204,0.2081,0.5176,1.0614,0.2078,0.4785,0.9603
201205,0.2075,0.5161,1.0608,0.2068,0.4778,0.9526
201206,0.207,0.5167,1.0584,0.2078,0.4788,0.941
201207,0.2355,0.588,1.1928,0.2298,0.5393,1.2133
201208,0.2369,0.585,1.1923,0.2304,0.5387,1.2016
201209,0.2394,0.5841,1.1963,0.2301,0.5376,1.2133
201210,0.2383,0.5845,1.2077,0.2304,0.537,1.2208
201211,0.2409,0.5838,1.2113,0.2321,0.537,1.2367
201212,0.2412,0.5841,1.1945,0.2315,0.5354,1.2319
201301,0.241,0.5843,1.2002,0.2328,0.5366,1.2518
201302,0.24,0.5862,1.2004,0.2343,0.5371,1.2502
201303,0.241,0.5861,1.2013,0.2348,0.5375,1.2442
201304,0.24,0.5853,1.204,0.2346,0.5381,1.2475
201305,0.2395,0.5859,1.2138,0.2344,0.5375,1.2498
201306,0.2395,0.5881,1.2237,0.235,0.5377,1.2607
201307,0.1933,0.4857,0.9745,0.2076,0.4609,0.9523
201308,0.1926,0.4854,0.9748,0.2079,0.4613,0.9567
201309,0.1917,0.4845,0.9795,0.2084,0.4615,0.9581
201310,0.1913,0.4842,0.9782,0.2074,0.4615,0.9567
201311,0.1917,0.4845,0.9793,0.2074,0.461,0.9578
201312,0.1909,0.4852,0.9733,0.2075,0.4601,0.9634
201401,0.1908,0.4859,0.9725,0.2075,0.4596,0.9616
201402,0.189,0.4855,0.9761,0.2073,0.4585,0.9627
201403,0.1888,0.4846,0.9727,0.2072,0.458,0.9613
201404,0.1911,0.4856,0.9751,0.2087,0.4594,0.9586
201405,0.1933,0.4857,0.9733,0.2097,0.4606,0.953
201406,0.1926,0.484,0.968,0.2096,0.4598,0.9504
201407,0.1773,0.4291,0.8746,0.1817,0.3882,0.809
201408,0.1769,0.4298,0.8759,0.182,0.3886,0.8117
201409,0.1766,0.43,0.8721,0.1812,0.3877,0.8132
201410,0.176,0.4294,0.8651,0.1814,0.3877,0.8171
201411,0.1766,0.4296,0.8594,0.1813,0.3876,0.8171
201412,0.1766,0.4296,0.8607,0.1816,0.3876,0.8172
201501,0.1776,0.4292,0.862,0.1817,0.3871,0.8188
201502,0.1755,0.4277,0.8586,0.1805,0.3869,0.8096
201503,0.1755,0.4285,0.8639,0.1808,0.3874,0.816
201504,0.1754,0.4289,0.8601,0.1807,0.3869,0.816
201505,0.1757,0.429,0.8602,0.1804,0.3873,0.8175
201506,0.175,0.4257,0.8575,0.1796,0.3872,0.8212
201507,0.1566,0.4449,0.9754,0.1606,0.4016,0.8949
201508,0.1558,0.4431,0.949,0.1596,0.4,0.8931
201509,0.1579,0.443,0.9673,0.1594,0.4017,0.8913
201510,0.1591,0.4442,0.938,0.1599,0.4026,0.8883
201511,0.1599,0.4436,0.9398,0.1594,0.4018,0.8913
201512,0.1593,0.4424,0.9313,0.1594,0.4027,0.8922
201601,0.1587,0.4434,0.9203,0.1595,0.4021,0.8912
201602,0.1619,0.4447,0.9142,0.1616,0.4038,0.8831
201603,0.163,0.446,0.9142,0.1615,0.4034,0.8773
201604,0.1635,0.4463,0.9233,0.1614,0.4042,0.8807
201605,0.1629,0.4478,0.9306,0.1607,0.4046,0.8856
201606,0.1619,0.4466,0.9223,0.1608,0.4046,0.8862
201607,0.2099,0.5035,1.1005,0.1641,0.4214,1.0106
201608,0.2102,0.5044,1.1046,0.1648,0.4215,1.0172
201609,0.2118,0.506,1.1231,0.1656,0.4231,1.0281
201610,0.2115,0.5068,1.1271,0.1658,0.422,1.0274
201611,0.2111,0.5056,1.1131,0.1665,0.4238,1.0331
201612,0.2126,0.5079,1.105,0.1668,0.4259,1.0494
201701,0.214,0.508,1.1012,0.1669,0.4278,1.0511
201702,0.2142,0.5062,1.0984,0.167,0.4283,1.0489
201703,0.2139,0.5087,1.0997,0.1672,0.4281,1.0539
201704,0.2148,0.5065,1.0994,0.1671,0.4272,1.0512
201705,0.2143,0.5044,1.0938,0.167,0.4262,1.051
201706,0.2125,0.5008,1.0903,0.1668,0.4252,1.0531
201707,0.166,0.4357,0.9541,0.1429,0.37,0.779
201708,0.1662,0.4344,0.951,0.1424,0.3702,0.7798
201709,0.1647,0.4312,0.9458,0.1418,0.3684,0.7772
201710,0.1654,0.4335,0.9472,0.1417,0.3694,0.7795
201711,0.1651,0.4325,0.9467,0.1404,0.367,0.7809
201712,0.1652,0.4326,0.9501,0.1404,0.3676,0.7795
201801,0.1655,0.4324,0.954,0.1404,0.3678,0.7802
201802,0.164,0.4316,0.9535,0.138,0.3652,0.7797
201803,0.1632,0.4296,0.9472,0.1368,0.3646,0.7807
201804,0.1629,0.4297,0.9471,0.1373,0.3666,0.7801
201805,0.1636,0.4306,0.9643,0.1372,0.3678,0.7816
201806,0.161,0.4305,0.9682,0.1369,0.3676,0.7809
201807,0.1566,0.4049,0.8884,0.1345,0.4155,0.8003
201808,0.1581,0.4048,0.8893,0.135,0.4148,0.8004
201809,0.1553,0.4024,0.8887,0.1335,0.4138,0.8002
201810,0.1556,0.4021,0.8936,0.1331,0.4128,0.8009
201811,0.1563,0.4043,0.8931,0.1355,0.4147,0.7986
201812,0.1567,0.405,0.8891,0.1354,0.4143,0.7973
201901,0.1564,0.4037,0.8911,0.1354,0.4138,0.7948
201902,0.1569,0.4041,0.8961,0.1346,0.4143,0.7988
201903,0.1573,0.4027,0.8827,0.1339,0.4134,0.798
201904,0.157,0.4022,0.8831,0.1334,0.4126,0.7965
201905,0.1579,0.4038,0.8808,0.1332,0.4123,0.7983
201906,0.1564,0.4035,0.8755,0.1333,0.4126,0.7991
201907,0.1711,0.4806,1.155,0.1339,0.4947,0.9399
201908,0.1686,0.4802,1.1406,0.1342,0.4953,0.9429
201909,0.1672,0.4789,1.125,0.1333,0.4943,0.9342
201910,0.1707,0.4817,1.1283,0.1342,0.4952,0.9346
201911,0.1697,0.4798,1.1172,0.1345,0.4949,0.9334
201912,0.1668,0.4789,1.1069,0.1346,0.4957,0.9327
202001,0.1677,0.4789,1.1358,0.1345,0.4956,0.9331
202002,0.1658,0.4771,1.1053,0.1329,0.4899,0.9317
202003,0.167,0.4741,1.1075,0.1328,0.4885,0.928
202004,0.1675,0.4758,1.0978,0.1326,0.4851,0.9308
202005,0.1659,0.4746,1.1308,0.1318,0.485,0.9351
202006,0.1663,0.4712,1.1261,0.1314,0.4816,0.9389
202007,0.1954,0.5897,1.6591,0.1187,0.5572,1.2543
202008,0.1961,0.5845,1.6269,0.1173,0.5505,1.2487
202009,0.1962,0.5875,1.6478,0.1151,0.5483,1.2419
202010,0.1955,0.5835,1.623,0.1161,0.5422,1.2359
202011,0.1973,0.5857,1.6255,0.1177,0.5437,1.2441
202012,0.199,0.5949,1.6695,0.1174,0.5504,1.2556
202101,0.1996,0.6001,1.6857,0.116,0.5514,1.2545
202102,0.1947,0.5974,1.7548,0.1159,0.5538,1.2563
202103,0.2005,0.607,1.7413,0.1177,0.5644,1.2684
202104,0.2065,0.6095,1.7655,0.1195,0.5651,1.267
202105,0.2068,0.6088,1.7674,0.119,0.5649,1.2683
202106,0.2078,0.6146,1.8241,0.1203,0.5674,1.2717
202107,0.1351,0.364,0.9056,0.0873,0.3615,0.7546
202108,0.1351,0.3636,0.905,0.0872,0.3616,0.7551
202109,0.1356,0.3641,0.9092,0.0871,0.3607,0.7585
202110,0.1363,0.3649,0.9073,0.0869,0.3621,0.756
202111,0.1354,0.3655,0.9083,0.086,0.3614,0.7527
202112,0.1346,0.3635,0.9074,0.0846,0.3604,0.7499
202201,0.1363,0.3661,0.9131,0.0859,0.3602,0.7494
202202,0.1363,0.3698,0.9154,0.0864,0.3619,0.7476
202203,0.1349,0.3701,0.9095,0.0862,0.361,0.7463
202204,0.1352,0.3704,0.9104,0.0861,0.3608,0.7436
202205,0.1348,0.3714,0.9084,0.0876,0.3619,0.7435
202206,0.1355,0.3719,0.9058,0.088,0.363,0.7415
202207,0.2287,0.52,1.1888,0.1189,0.4404,0.8493
202208,0.2322,0.5248,1.1919,0.1177,0.4423,0.8486
202209,0.2304,0.5242,1.2031,0.1183,0.4417,0.8467
202210,0.231,0.5219,1.186,0.1184,0.4388,0.8429
202211,0.2325,0.5207,1.1988,0.1172,0.4386,0.8381
202212,0.2278,0.5183,1.1912,0.1184,0.4405,0.8404
202301,0.2247,0.5152,1.1947,0.119,0.4391,0.834
202302,0.2299,0.5184,1.2144,0.119,0.4446,0.8439
202303,0.2268,0.517,1.2185,0.1181,0.4455,0.8459
202304,0.2255,0.5137,1.2019,0.1172,0.4423,0.8321
202305,0.2253,0.5128,1.2165,0.1173,0.4432,0.8305
202306,0.2287,0.5128,1.2146,0.1165,0.4444,0.8366
202307,0.1666,0.4743,1.1867,0.1068,0.4586,0.9932
202308,0.1666,0.4785,1.1985,0.1073,0.4589,0.9942
202309,0.1646,0.4779,1.2093,0.1067,0.4584,0.9888
202310,0.165,0.4801,1.2124,0.1074,0.4604,0.9877
202311,0.1642,0.4819,1.2027,0.1069,0.4609,0.9855
202312,0.1632,0.4815,1.1824,0.1052,0.4587,0.9863
202401,0.1636,0.482,1.1615,0.1057,0.4575,0.9877
202402,0.1622,0.481,1.1528,0.1049,0.4553,0.9971
202403,0.1637,0.4795,1.1428,0.1038,0.4484,0.9879
202404,0.1631,0.4814,1.1551,0.1049,0.4512,0.988
202405,0.1626,0.4813,1.1547,0.1055,0.4525,0.9963
202406,0.1623,0.4812,1.1635,0.1036,0.4524,0.9936
